Location,Year,Age,Sex,Cause of death or injury,Measure,Value,Lower bound,Upper bound,Age Group,Latitude,Longitude
Afghanistan,2021.0,50-69 years,Male,Alzheimer's disease and other dementias,"YLDs per 100,000",99.31147860502,64.39996233053,139.29900639914,50-69,33.93911,67.709953
Afghanistan,2021.0,50-69 years,Female,Alzheimer's disease and other dementias,"YLDs per 100,000",142.81280855551,96.49520593825,200.03483666587,50-69,33.93911,67.709953
Algeria,2021.0,50-69 years,Male,Alzheimer's disease and other dementias,"YLDs per 100,000",152.52558018511,98.6471798184,211.91452077889,50-69,28.033886,1.659626
Algeria,2021.0,50-69 years,Female,Alzheimer's disease and other dementias,"YLDs per 100,000",190.92060563186,130.04153044263,261.88444610823,50-69,28.033886,1.659626
Bahrain,2021.0,50-69 years,Male,Alzheimer's disease and other dementias,"YLDs per 100,000",130.19832205857,83.09934882072,179.7661529099,50-69,26.0667,50.5577
Bahrain,2021.0,50-69 years,Female,Alzheimer's disease and other dementias,"YLDs per 100,000",178.84359072626,118.64633173602,247.8821980428,50-69,26.0667,50.5577
Egypt,2021.0,50-69 years,Male,Alzheimer's disease and other dementias,"YLDs per 100,000",140.87187026095,93.01234210518,194.29249879382,50-69,26.820553,30.802498
Egypt,2021.0,50-69 years,Female,Alzheimer's disease and other dementias,"YLDs per 100,000",170.14061532982,115.59914172615,242.8879103839,50-69,26.820553,30.802498
Iran (Islamic Republic of),2021.0,50-69 years,Male,Alzheimer's disease and other dementias,"YLDs per 100,000",155.5146218878,101.18087029371,214.15182607098,50-69,32.4279,53.688
Iran (Islamic Republic of),2021.0,50-69 years,Female,Alzheimer's disease and other dementias,"YLDs per 100,000",203.70232808895,135.95209999931998,282.95385708847,50-69,32.4279,53.688
Iraq,2021.0,50-69 years,Male,Alzheimer's disease and other dementias,"YLDs per 100,000",127.95565329994,83.59884595594,179.26360467241,50-69,33.223191,43.679291
Iraq,2021.0,50-69 years,Female,Alzheimer's disease and other dementias,"YLDs per 100,000",176.78301269263,117.02584467704,247.48330910961,50-69,33.223191,43.679291
Jordan,2021.0,50-69 years,Male,Alzheimer's disease and other dementias,"YLDs per 100,000",136.05609378152002,88.95843870643999,188.56496426564,50-69,30.5852,36.2384
Jordan,2021.0,50-69 years,Female,Alzheimer's disease and other dementias,"YLDs per 100,000",181.455155106,121.62275100504,253.75797583243,50-69,30.5852,36.2384
Kuwait,2021.0,50-69 years,Male,Alzheimer's disease and other dementias,"YLDs per 100,000",127.95706663679,82.26808708772,179.97495259629,50-69,29.3759,47.9774
Kuwait,2021.0,50-69 years,Female,Alzheimer's disease and other dementias,"YLDs per 100,000",161.45288908224,108.90886186128,226.54309319543,50-69,29.3759,47.9774
Lebanon,2021.0,50-69 years,Male,Alzheimer's disease and other dementias,"YLDs per 100,000",158.62378843109,102.63952751989,219.32549147116,50-69,33.8547,35.8623
Lebanon,2021.0,50-69 years,Female,Alzheimer's disease and other dementias,"YLDs per 100,000",220.01408106832,143.65189917661,308.96563162052,50-69,33.8547,35.8623
Libya,2021.0,50-69 years,Male,Alzheimer's disease and other dementias,"YLDs per 100,000",127.9317283157,82.06768067706,181.86763255482,50-69,26.3351,17.2283
Libya,2021.0,50-69 years,Female,Alzheimer's disease and other dementias,"YLDs per 100,000",165.33346025048,108.53411811593,232.70865014589,50-69,26.3351,17.2283
Morocco,2021.0,50-69 years,Male,Alzheimer's disease and other dementias,"YLDs per 100,000",149.31640682594,97.40522578814,209.72191873486005,50-69,31.7917,-7.0926
Morocco,2021.0,50-69 years,Female,Alzheimer's disease and other dementias,"YLDs per 100,000",183.17429025184,121.84769936276,258.65433403978,50-69,31.7917,-7.0926
Oman,2021.0,50-69 years,Male,Alzheimer's disease and other dementias,"YLDs per 100,000",112.1878879039,73.19571894803,155.01799748066,50-69,21.4735,55.9754
Oman,2021.0,50-69 years,Female,Alzheimer's disease and other dementias,"YLDs per 100,000",177.51897718012,118.69794004273,250.47423049833,50-69,21.4735,55.9754
Palestine,2021.0,50-69 years,Male,Alzheimer's disease and other dementias,"YLDs per 100,000",135.9663986728,90.10742683359,186.90266506024,50-69,31.9474,35.2272
Palestine,2021.0,50-69 years,Female,Alzheimer's disease and other dementias,"YLDs per 100,000",179.74891986115,119.34917682976,252.75960420106,50-69,31.9474,35.2272
Qatar,2021.0,50-69 years,Male,Alzheimer's disease and other dementias,"YLDs per 100,000",102.89415703796,67.12012120424,146.09779544755,50-69,25.3548,51.1839
Qatar,2021.0,50-69 years,Female,Alzheimer's disease and other dementias,"YLDs per 100,000",149.63004237164,101.42715093271,205.28017097207,50-69,25.3548,51.1839
Saudi Arabia,2021.0,50-69 years,Male,Alzheimer's disease and other dementias,"YLDs per 100,000",115.28429934186,75.08324541579,162.71867661471,50-69,23.8859,45.0792
Saudi Arabia,2021.0,50-69 years,Female,Alzheimer's disease and other dementias,"YLDs per 100,000",149.51678884029,99.15015874575,210.75952633701,50-69,23.8859,45.0792
Sudan,2021.0,50-69 years,Male,Alzheimer's disease and other dementias,"YLDs per 100,000",137.72900027877998,87.61580470419,191.52217416278,50-69,12.8628,30.2176
Sudan,2021.0,50-69 years,Female,Alzheimer's disease and other dementias,"YLDs per 100,000",167.3769091923,109.15306006024,236.16804202055,50-69,12.8628,30.2176
Syrian Arab Republic,2021.0,50-69 years,Male,Alzheimer's disease and other dementias,"YLDs per 100,000",145.09744562191,93.34964946828,204.61730732371,50-69,34.802075,38.996815
Syrian Arab Republic,2021.0,50-69 years,Female,Alzheimer's disease and other dementias,"YLDs per 100,000",188.10715095157,123.91696203251,262.21829472373,50-69,34.802075,38.996815
Tunisia,2021.0,50-69 years,Male,Alzheimer's disease and other dementias,"YLDs per 100,000",163.25864658117,108.8424780119,229.82108005652,50-69,33.8869,9.5375
Tunisia,2021.0,50-69 years,Female,Alzheimer's disease and other dementias,"YLDs per 100,000",210.00201847857,139.72475267853,291.433901483,50-69,33.8869,9.5375
Türkiye,2021.0,50-69 years,Male,Alzheimer's disease and other dementias,"YLDs per 100,000",166.11933769943,106.64239780382,232.9779189383,50-69,38.9637,35.2433
Türkiye,2021.0,50-69 years,Female,Alzheimer's disease and other dementias,"YLDs per 100,000",225.14990235527,147.96263269662,312.66445398706,50-69,38.9637,35.2433
United Arab Emirates,2021.0,50-69 years,Male,Alzheimer's disease and other dementias,"YLDs per 100,000",96.18807315253,63.48806179217,133.43789687262,50-69,23.4241,53.8478
United Arab Emirates,2021.0,50-69 years,Female,Alzheimer's disease and other dementias,"YLDs per 100,000",132.22982547191998,86.7569688381,183.39579426116,50-69,23.4241,53.8478
Yemen,2021.0,50-69 years,Male,Alzheimer's disease and other dementias,"YLDs per 100,000",147.38698788153002,95.12894119757,208.18819654515,50-69,15.552727,48.516388
Yemen,2021.0,50-69 years,Female,Alzheimer's disease and other dementias,"YLDs per 100,000",188.14202201905,125.59807298192,261.18708663447,50-69,15.552727,48.516388
Afghanistan,2021.0,50-69 years,Male,Parkinson's disease,"YLDs per 100,000",18.84461708281,11.23036974673,29.10756742537,50-69,33.93911,67.709953
Afghanistan,2021.0,50-69 years,Female,Parkinson's disease,"YLDs per 100,000",18.44320514955,10.28567998986,28.078594309320003,50-69,33.93911,67.709953
Algeria,2021.0,50-69 years,Male,Parkinson's disease,"YLDs per 100,000",25.86718030484,15.61080394307,39.43387094773,50-69,28.033886,1.659626
Algeria,2021.0,50-69 years,Female,Parkinson's disease,"YLDs per 100,000",21.84733652505,13.50418992657,32.27607751705,50-69,28.033886,1.659626
Bahrain,2021.0,50-69 years,Male,Parkinson's disease,"YLDs per 100,000",25.5806786833,16.08937853451,36.81184410085,50-69,26.0667,50.5577
Bahrain,2021.0,50-69 years,Female,Parkinson's disease,"YLDs per 100,000",20.37449393568,12.56301059646,30.08942977206,50-69,26.0667,50.5577
Egypt,2021.0,50-69 years,Male,Parkinson's disease,"YLDs per 100,000",36.89460544454,22.820089780990003,55.13190462215,50-69,26.820553,30.802498
Egypt,2021.0,50-69 years,Female,Parkinson's disease,"YLDs per 100,000",32.30309985164,20.78723728578,47.11446354379,50-69,26.820553,30.802498
Iran (Islamic Republic of),2021.0,50-69 years,Male,Parkinson's disease,"YLDs per 100,000",29.001334367410003,19.34068292923,40.35350562927,50-69,32.4279,53.688
Iran (Islamic Republic of),2021.0,50-69 years,Female,Parkinson's disease,"YLDs per 100,000",21.85567035081,14.86466274632,30.3914477052,50-69,32.4279,53.688
Iraq,2021.0,50-69 years,Male,Parkinson's disease,"YLDs per 100,000",26.12659372819,16.65090319023,37.64828853964,50-69,33.223191,43.679291
Iraq,2021.0,50-69 years,Female,Parkinson's disease,"YLDs per 100,000",17.69264795398,10.90196927579,26.94085212386,50-69,33.223191,43.679291
Jordan,2021.0,50-69 years,Male,Parkinson's disease,"YLDs per 100,000",18.53550770985,10.92483671143,27.36360160749,50-69,30.5852,36.2384
Jordan,2021.0,50-69 years,Female,Parkinson's disease,"YLDs per 100,000",13.98730705502,8.22541395685,21.42904326996,50-69,30.5852,36.2384
Kuwait,2021.0,50-69 years,Male,Parkinson's disease,"YLDs per 100,000",23.88177461797,14.494732445640002,36.06247514536,50-69,29.3759,47.9774
Kuwait,2021.0,50-69 years,Female,Parkinson's disease,"YLDs per 100,000",16.56643618309,9.64512733872,25.34782634696,50-69,29.3759,47.9774
Lebanon,2021.0,50-69 years,Male,Parkinson's disease,"YLDs per 100,000",26.623439422550003,15.65710749341,39.76708420343,50-69,33.8547,35.8623
Lebanon,2021.0,50-69 years,Female,Parkinson's disease,"YLDs per 100,000",20.67545442602,12.52541874697,32.08011710664,50-69,33.8547,35.8623
Libya,2021.0,50-69 years,Male,Parkinson's disease,"YLDs per 100,000",25.57340152008,15.18361815072,39.14640691192,50-69,26.3351,17.2283
Libya,2021.0,50-69 years,Female,Parkinson's disease,"YLDs per 100,000",22.62755688315,13.82973898369,33.25109886322,50-69,26.3351,17.2283
Morocco,2021.0,50-69 years,Male,Parkinson's disease,"YLDs per 100,000",30.33145839109,19.53392061432,44.81031490336,50-69,31.7917,-7.0926
Morocco,2021.0,50-69 years,Female,Parkinson's disease,"YLDs per 100,000",24.15973221936,15.196339138150002,36.06784063076,50-69,31.7917,-7.0926
Oman,2021.0,50-69 years,Male,Parkinson's disease,"YLDs per 100,000",24.37583171143,15.24634509105,36.78508052097,50-69,21.4735,55.9754
Oman,2021.0,50-69 years,Female,Parkinson's disease,"YLDs per 100,000",22.37386490809,13.34827667158,33.5059408366,50-69,21.4735,55.9754
Palestine,2021.0,50-69 years,Male,Parkinson's disease,"YLDs per 100,000",28.11045480462,17.20769339555,41.16974327518,50-69,31.9474,35.2272
Palestine,2021.0,50-69 years,Female,Parkinson's disease,"YLDs per 100,000",17.85767875537,10.42105921688,27.20728629568,50-69,31.9474,35.2272
Qatar,2021.0,50-69 years,Male,Parkinson's disease,"YLDs per 100,000",22.31223854689,13.21809541708,33.24851336133,50-69,25.3548,51.1839
Qatar,2021.0,50-69 years,Female,Parkinson's disease,"YLDs per 100,000",23.05792805697,13.70418413231,34.47907003662,50-69,25.3548,51.1839
Saudi Arabia,2021.0,50-69 years,Male,Parkinson's disease,"YLDs per 100,000",30.03104137229,17.36127443412,46.1980269626,50-69,23.8859,45.0792
Saudi Arabia,2021.0,50-69 years,Female,Parkinson's disease,"YLDs per 100,000",18.62918529764,11.14222114103,28.04073851521,50-69,23.8859,45.0792
Sudan,2021.0,50-69 years,Male,Parkinson's disease,"YLDs per 100,000",27.34331500201,16.78274289386,42.29814945849,50-69,12.8628,30.2176
Sudan,2021.0,50-69 years,Female,Parkinson's disease,"YLDs per 100,000",18.97755519014,11.67212269814,28.62763807367,50-69,12.8628,30.2176
Syrian Arab Republic,2021.0,50-69 years,Male,Parkinson's disease,"YLDs per 100,000",26.02732866619,16.3103964712,39.70355116338,50-69,34.802075,38.996815
Syrian Arab Republic,2021.0,50-69 years,Female,Parkinson's disease,"YLDs per 100,000",18.50776333638,10.94056219546,27.60042926501,50-69,34.802075,38.996815
Tunisia,2021.0,50-69 years,Male,Parkinson's disease,"YLDs per 100,000",28.122857857240003,17.55033523603,43.05593426992,50-69,33.8869,9.5375
Tunisia,2021.0,50-69 years,Female,Parkinson's disease,"YLDs per 100,000",22.03482275665,12.97708162166,33.00390404074,50-69,33.8869,9.5375
Türkiye,2021.0,50-69 years,Male,Parkinson's disease,"YLDs per 100,000",29.45756227508,17.55543177128,43.68097955742,50-69,38.9637,35.2433
Türkiye,2021.0,50-69 years,Female,Parkinson's disease,"YLDs per 100,000",21.69644448766,12.94846037103,33.3519815119,50-69,38.9637,35.2433
United Arab Emirates,2021.0,50-69 years,Male,Parkinson's disease,"YLDs per 100,000",29.16973199108,17.1536257396,44.49179551671,50-69,23.4241,53.8478
United Arab Emirates,2021.0,50-69 years,Female,Parkinson's disease,"YLDs per 100,000",23.71569940565,14.27099042378,35.76083614308,50-69,23.4241,53.8478
Yemen,2021.0,50-69 years,Male,Parkinson's disease,"YLDs per 100,000",22.81488501317,13.93183295387,33.74485007051,50-69,15.552727,48.516388
Yemen,2021.0,50-69 years,Female,Parkinson's disease,"YLDs per 100,000",17.76241934056,10.62460921168,26.95651416062,50-69,15.552727,48.516388
Afghanistan,2021.0,50-69 years,Male,Idiopathic epilepsy,"YLDs per 100,000",47.63697459425,9.58149438633,103.67895562701,50-69,33.93911,67.709953
Afghanistan,2021.0,50-69 years,Female,Idiopathic epilepsy,"YLDs per 100,000",119.34247532414,23.59739437904,261.30652587716,50-69,33.93911,67.709953
Algeria,2021.0,50-69 years,Male,Idiopathic epilepsy,"YLDs per 100,000",55.57063677335,12.17517957393,124.18807854296,50-69,28.033886,1.659626
Algeria,2021.0,50-69 years,Female,Idiopathic epilepsy,"YLDs per 100,000",55.12110805163,11.63886183804,123.93066109133,50-69,28.033886,1.659626
Bahrain,2021.0,50-69 years,Male,Idiopathic epilepsy,"YLDs per 100,000",85.77196382827,18.36301771482,196.82107640818,50-69,26.0667,50.5577
Bahrain,2021.0,50-69 years,Female,Idiopathic epilepsy,"YLDs per 100,000",77.99845800922999,15.96443238696,190.0895908708,50-69,26.0667,50.5577
Egypt,2021.0,50-69 years,Male,Idiopathic epilepsy,"YLDs per 100,000",84.23867782935001,20.447671549760003,191.35185551725,50-69,26.820553,30.802498
Egypt,2021.0,50-69 years,Female,Idiopathic epilepsy,"YLDs per 100,000",68.66898294584,15.83423010016,157.377914997,50-69,26.820553,30.802498
Iran (Islamic Republic of),2021.0,50-69 years,Male,Idiopathic epilepsy,"YLDs per 100,000",60.330531710870005,29.67004521973,106.49165952297,50-69,32.4279,53.688
Iran (Islamic Republic of),2021.0,50-69 years,Female,Idiopathic epilepsy,"YLDs per 100,000",52.85442711887,26.430137183970004,94.78356067747,50-69,32.4279,53.688
Iraq,2021.0,50-69 years,Male,Idiopathic epilepsy,"YLDs per 100,000",59.09115055337001,11.76418139303,123.09114896674,50-69,33.223191,43.679291
Iraq,2021.0,50-69 years,Female,Idiopathic epilepsy,"YLDs per 100,000",56.1053819821,13.40996888347,119.94484804424,50-69,33.223191,43.679291
Jordan,2021.0,50-69 years,Male,Idiopathic epilepsy,"YLDs per 100,000",47.70022063422,11.37996615806,107.71292102894,50-69,30.5852,36.2384
Jordan,2021.0,50-69 years,Female,Idiopathic epilepsy,"YLDs per 100,000",45.6587482457,10.87437156322,102.62365867249,50-69,30.5852,36.2384
Kuwait,2021.0,50-69 years,Male,Idiopathic epilepsy,"YLDs per 100,000",62.6234482526,11.63598486357,148.31368708195,50-69,29.3759,47.9774
Kuwait,2021.0,50-69 years,Female,Idiopathic epilepsy,"YLDs per 100,000",58.530219539490005,10.85670026063,141.49336243874,50-69,29.3759,47.9774
Lebanon,2021.0,50-69 years,Male,Idiopathic epilepsy,"YLDs per 100,000",55.83355333669,11.87609898559,127.99105561014,50-69,33.8547,35.8623
Lebanon,2021.0,50-69 years,Female,Idiopathic epilepsy,"YLDs per 100,000",50.0846617256,10.47596182646,115.6831691615,50-69,33.8547,35.8623
Libya,2021.0,50-69 years,Male,Idiopathic epilepsy,"YLDs per 100,000",56.79801119074,11.86115896158,116.56076153699,50-69,26.3351,17.2283
Libya,2021.0,50-69 years,Female,Idiopathic epilepsy,"YLDs per 100,000",52.05879486625,11.23959192709,114.90991928409,50-69,26.3351,17.2283
Morocco,2021.0,50-69 years,Male,Idiopathic epilepsy,"YLDs per 100,000",84.36838558115001,16.399714621690002,190.50592218605,50-69,31.7917,-7.0926
Morocco,2021.0,50-69 years,Female,Idiopathic epilepsy,"YLDs per 100,000",52.76082331733001,10.36719551484,119.0129774512,50-69,31.7917,-7.0926
Oman,2021.0,50-69 years,Male,Idiopathic epilepsy,"YLDs per 100,000",62.08665441052,15.14834806017,138.00648726233,50-69,21.4735,55.9754
Oman,2021.0,50-69 years,Female,Idiopathic epilepsy,"YLDs per 100,000",57.67096397202,12.65204530863,127.33004487404,50-69,21.4735,55.9754
Palestine,2021.0,50-69 years,Male,Idiopathic epilepsy,"YLDs per 100,000",57.2604702606,13.1442287,132.0313138997,50-69,31.9474,35.2272
Palestine,2021.0,50-69 years,Female,Idiopathic epilepsy,"YLDs per 100,000",52.48270306989,11.46968415247,118.9843926125,50-69,31.9474,35.2272
Qatar,2021.0,50-69 years,Male,Idiopathic epilepsy,"YLDs per 100,000",62.35915213033,15.83132484994,150.07475056854,50-69,25.3548,51.1839
Qatar,2021.0,50-69 years,Female,Idiopathic epilepsy,"YLDs per 100,000",75.96994604533,18.6918071118,178.65167238197,50-69,25.3548,51.1839
Saudi Arabia,2021.0,50-69 years,Male,Idiopathic epilepsy,"YLDs per 100,000",124.8852542597,26.43885616712,267.81286283893,50-69,23.8859,45.0792
Saudi Arabia,2021.0,50-69 years,Female,Idiopathic epilepsy,"YLDs per 100,000",127.55321048116,26.90443086923,277.85296114855,50-69,23.8859,45.0792
Sudan,2021.0,50-69 years,Male,Idiopathic epilepsy,"YLDs per 100,000",55.14995831292,13.43316192385,111.19224587391,50-69,12.8628,30.2176
Sudan,2021.0,50-69 years,Female,Idiopathic epilepsy,"YLDs per 100,000",49.91119036329,10.50689158288,104.43335678168,50-69,12.8628,30.2176
Syrian Arab Republic,2021.0,50-69 years,Male,Idiopathic epilepsy,"YLDs per 100,000",40.722417342,8.8039970574,94.16162676294,50-69,34.802075,38.996815
Syrian Arab Republic,2021.0,50-69 years,Female,Idiopathic epilepsy,"YLDs per 100,000",39.55183700506,8.42671744748,88.52805314215,50-69,34.802075,38.996815
Tunisia,2021.0,50-69 years,Male,Idiopathic epilepsy,"YLDs per 100,000",48.56867665616,10.39738089267,114.19126945219,50-69,33.8869,9.5375
Tunisia,2021.0,50-69 years,Female,Idiopathic epilepsy,"YLDs per 100,000",47.13741369601,9.78737225085,108.81793446663,50-69,33.8869,9.5375
Türkiye,2021.0,50-69 years,Male,Idiopathic epilepsy,"YLDs per 100,000",92.5118156973,23.49192192977,198.52227774767,50-69,38.9637,35.2433
Türkiye,2021.0,50-69 years,Female,Idiopathic epilepsy,"YLDs per 100,000",74.78606699803,18.49579627012,162.21654711264,50-69,38.9637,35.2433
United Arab Emirates,2021.0,50-69 years,Male,Idiopathic epilepsy,"YLDs per 100,000",122.05997959794,32.08050837177,273.34436114664,50-69,23.4241,53.8478
United Arab Emirates,2021.0,50-69 years,Female,Idiopathic epilepsy,"YLDs per 100,000",96.00796575625,26.45001956111,207.9183612197,50-69,23.4241,53.8478
Yemen,2021.0,50-69 years,Male,Idiopathic epilepsy,"YLDs per 100,000",49.95346306217,6.93370411702,109.40768885627,50-69,15.552727,48.516388
Yemen,2021.0,50-69 years,Female,Idiopathic epilepsy,"YLDs per 100,000",44.44739000424,6.1909075379,97.11895860394,50-69,15.552727,48.516388
Afghanistan,2021.0,50-69 years,Male,Multiple sclerosis,"YLDs per 100,000",16.14429009245,9.78203485948,24.14513653337,50-69,33.93911,67.709953
Afghanistan,2021.0,50-69 years,Female,Multiple sclerosis,"YLDs per 100,000",30.90425782943,18.68226190797,46.37138206258,50-69,33.93911,67.709953
Algeria,2021.0,50-69 years,Male,Multiple sclerosis,"YLDs per 100,000",18.7581712936,12.26312234925,26.95952072355,50-69,28.033886,1.659626
Algeria,2021.0,50-69 years,Female,Multiple sclerosis,"YLDs per 100,000",36.61398618692,24.22415509482,53.49852367982,50-69,28.033886,1.659626
Bahrain,2021.0,50-69 years,Male,Multiple sclerosis,"YLDs per 100,000",14.53177554948,8.56588593504,21.67069150241,50-69,26.0667,50.5577
Bahrain,2021.0,50-69 years,Female,Multiple sclerosis,"YLDs per 100,000",30.89610153979,19.25968606502,45.46492239477,50-69,26.0667,50.5577
Egypt,2021.0,50-69 years,Male,Multiple sclerosis,"YLDs per 100,000",11.88954787852,7.13574315274,18.2450114983,50-69,26.820553,30.802498
Egypt,2021.0,50-69 years,Female,Multiple sclerosis,"YLDs per 100,000",27.09789092626,16.30006929954,41.32325832355,50-69,26.820553,30.802498
Iran (Islamic Republic of),2021.0,50-69 years,Male,Multiple sclerosis,"YLDs per 100,000",22.33670715073,15.38253518355,30.06437988476,50-69,32.4279,53.688
Iran (Islamic Republic of),2021.0,50-69 years,Female,Multiple sclerosis,"YLDs per 100,000",41.59140948106,29.25876151926,54.84967999996,50-69,32.4279,53.688
Iraq,2021.0,50-69 years,Male,Multiple sclerosis,"YLDs per 100,000",17.191988357779998,11.00326936795,24.80617146426,50-69,33.223191,43.679291
Iraq,2021.0,50-69 years,Female,Multiple sclerosis,"YLDs per 100,000",27.59336884611,16.62576348276,38.22538732635,50-69,33.223191,43.679291
Jordan,2021.0,50-69 years,Male,Multiple sclerosis,"YLDs per 100,000",21.03201501775,13.26486132447,30.768990161860003,50-69,30.5852,36.2384
Jordan,2021.0,50-69 years,Female,Multiple sclerosis,"YLDs per 100,000",39.36425853375,23.6829549334,58.21305373785,50-69,30.5852,36.2384
Kuwait,2021.0,50-69 years,Male,Multiple sclerosis,"YLDs per 100,000",22.79928111809,13.34546710636,35.04062913288,50-69,29.3759,47.9774
Kuwait,2021.0,50-69 years,Female,Multiple sclerosis,"YLDs per 100,000",37.036623877850005,22.78202806486,54.49041179009,50-69,29.3759,47.9774
Lebanon,2021.0,50-69 years,Male,Multiple sclerosis,"YLDs per 100,000",21.31171806287,12.98612466694,31.17038986784,50-69,33.8547,35.8623
Lebanon,2021.0,50-69 years,Female,Multiple sclerosis,"YLDs per 100,000",41.37030934932,26.47286616122,58.1403399001,50-69,33.8547,35.8623
Libya,2021.0,50-69 years,Male,Multiple sclerosis,"YLDs per 100,000",18.77142776184,12.14881805366,27.40940615965,50-69,26.3351,17.2283
Libya,2021.0,50-69 years,Female,Multiple sclerosis,"YLDs per 100,000",34.43073950699,20.72813096312,50.44820525272,50-69,26.3351,17.2283
Morocco,2021.0,50-69 years,Male,Multiple sclerosis,"YLDs per 100,000",18.01043457156,11.05781445927,25.84184476192,50-69,31.7917,-7.0926
Morocco,2021.0,50-69 years,Female,Multiple sclerosis,"YLDs per 100,000",34.49643545709,22.26518301644,47.30485008463,50-69,31.7917,-7.0926
Oman,2021.0,50-69 years,Male,Multiple sclerosis,"YLDs per 100,000",21.19045743395,12.25363839103,31.81537289883,50-69,21.4735,55.9754
Oman,2021.0,50-69 years,Female,Multiple sclerosis,"YLDs per 100,000",33.23939109324,19.94710145705,50.2191541734,50-69,21.4735,55.9754
Palestine,2021.0,50-69 years,Male,Multiple sclerosis,"YLDs per 100,000",19.84007897878,12.72518046417,28.94771608877,50-69,31.9474,35.2272
Palestine,2021.0,50-69 years,Female,Multiple sclerosis,"YLDs per 100,000",32.4535277485,19.95353076821,45.79848038548,50-69,31.9474,35.2272
Qatar,2021.0,50-69 years,Male,Multiple sclerosis,"YLDs per 100,000",24.3262057348,14.07854999173,36.49135327706,50-69,25.3548,51.1839
Qatar,2021.0,50-69 years,Female,Multiple sclerosis,"YLDs per 100,000",61.13011525585,39.53612753906,85.36901407222,50-69,25.3548,51.1839
Saudi Arabia,2021.0,50-69 years,Male,Multiple sclerosis,"YLDs per 100,000",12.8209377918,7.31086034148,19.42147903188,50-69,23.8859,45.0792
Saudi Arabia,2021.0,50-69 years,Female,Multiple sclerosis,"YLDs per 100,000",25.75279239626,15.38309242524,38.85180327761,50-69,23.8859,45.0792
Sudan,2021.0,50-69 years,Male,Multiple sclerosis,"YLDs per 100,000",12.03690830611,7.393756411289999,17.654660645579998,50-69,12.8628,30.2176
Sudan,2021.0,50-69 years,Female,Multiple sclerosis,"YLDs per 100,000",21.08886404841,13.75444996655,30.56133633443,50-69,12.8628,30.2176
Syrian Arab Republic,2021.0,50-69 years,Male,Multiple sclerosis,"YLDs per 100,000",15.746430010510002,9.98295603549,23.08622966299,50-69,34.802075,38.996815
Syrian Arab Republic,2021.0,50-69 years,Female,Multiple sclerosis,"YLDs per 100,000",32.50172064897,20.13161485556,47.48226796599,50-69,34.802075,38.996815
Tunisia,2021.0,50-69 years,Male,Multiple sclerosis,"YLDs per 100,000",21.32392749782,13.5714286571,32.08621871913,50-69,33.8869,9.5375
Tunisia,2021.0,50-69 years,Female,Multiple sclerosis,"YLDs per 100,000",39.6370939531,26.19096039742,56.80758435018,50-69,33.8869,9.5375
Türkiye,2021.0,50-69 years,Male,Multiple sclerosis,"YLDs per 100,000",19.99788417877,12.84072876971,28.118924533460003,50-69,38.9637,35.2433
Türkiye,2021.0,50-69 years,Female,Multiple sclerosis,"YLDs per 100,000",32.70019156841,21.99199106713,45.02860413945,50-69,38.9637,35.2433
United Arab Emirates,2021.0,50-69 years,Male,Multiple sclerosis,"YLDs per 100,000",12.66781754247,7.48149248072,19.6785280413,50-69,23.4241,53.8478
United Arab Emirates,2021.0,50-69 years,Female,Multiple sclerosis,"YLDs per 100,000",20.02416269995,13.5164838061,28.95371210416,50-69,23.4241,53.8478
Yemen,2021.0,50-69 years,Male,Multiple sclerosis,"YLDs per 100,000",11.51169656487,7.218248756049999,17.3798088863,50-69,15.552727,48.516388
Yemen,2021.0,50-69 years,Female,Multiple sclerosis,"YLDs per 100,000",20.07449179959,12.75838306741,29.04580610518,50-69,15.552727,48.516388
Afghanistan,2021.0,50-69 years,Male,Motor neuron disease,"YLDs per 100,000",0.34344900372,0.1855193800199999,0.5643856535099999,50-69,33.93911,67.709953
Afghanistan,2021.0,50-69 years,Female,Motor neuron disease,"YLDs per 100,000",0.29652703639,0.16980191916,0.47359306191,50-69,33.93911,67.709953
Algeria,2021.0,50-69 years,Male,Motor neuron disease,"YLDs per 100,000",0.49935718857,0.28752218301,0.7773513250099999,50-69,28.033886,1.659626
Algeria,2021.0,50-69 years,Female,Motor neuron disease,"YLDs per 100,000",0.4556871188999999,0.26393692763,0.69685699696,50-69,28.033886,1.659626
Bahrain,2021.0,50-69 years,Male,Motor neuron disease,"YLDs per 100,000",0.50482340853,0.2912879809099999,0.77538517007,50-69,26.0667,50.5577
Bahrain,2021.0,50-69 years,Female,Motor neuron disease,"YLDs per 100,000",0.46087085259,0.26908824494,0.71364822321,50-69,26.0667,50.5577
Egypt,2021.0,50-69 years,Male,Motor neuron disease,"YLDs per 100,000",0.4030858096399999,0.24337631948,0.60172870633,50-69,26.820553,30.802498
Egypt,2021.0,50-69 years,Female,Motor neuron disease,"YLDs per 100,000",0.38144799655,0.22440093133,0.57113819836,50-69,26.820553,30.802498
Iran (Islamic Republic of),2021.0,50-69 years,Male,Motor neuron disease,"YLDs per 100,000",0.54611508458,0.33263631912,0.8162271462199999,50-69,32.4279,53.688
Iran (Islamic Republic of),2021.0,50-69 years,Female,Motor neuron disease,"YLDs per 100,000",0.5545130380500001,0.3370247839099999,0.82980318937,50-69,32.4279,53.688
Iraq,2021.0,50-69 years,Male,Motor neuron disease,"YLDs per 100,000",0.45648207868,0.26533557601,0.70063513975,50-69,33.223191,43.679291
Iraq,2021.0,50-69 years,Female,Motor neuron disease,"YLDs per 100,000",0.45548757466,0.26902800984,0.69746495897,50-69,33.223191,43.679291
Jordan,2021.0,50-69 years,Male,Motor neuron disease,"YLDs per 100,000",0.48693599657,0.28528919947,0.74470532395,50-69,30.5852,36.2384
Jordan,2021.0,50-69 years,Female,Motor neuron disease,"YLDs per 100,000",0.4611057392,0.26441768862,0.69602393041,50-69,30.5852,36.2384
Kuwait,2021.0,50-69 years,Male,Motor neuron disease,"YLDs per 100,000",0.60484535421,0.35874805279,0.91554415884,50-69,29.3759,47.9774
Kuwait,2021.0,50-69 years,Female,Motor neuron disease,"YLDs per 100,000",0.60235895441,0.35260501148,0.93100259306,50-69,29.3759,47.9774
Lebanon,2021.0,50-69 years,Male,Motor neuron disease,"YLDs per 100,000",0.50728225051,0.30559705154,0.76011630558,50-69,33.8547,35.8623
Lebanon,2021.0,50-69 years,Female,Motor neuron disease,"YLDs per 100,000",0.50037184073,0.28764456135,0.7430063354299999,50-69,33.8547,35.8623
Libya,2021.0,50-69 years,Male,Motor neuron disease,"YLDs per 100,000",0.4434544923899999,0.2682958608,0.66311968471,50-69,26.3351,17.2283
Libya,2021.0,50-69 years,Female,Motor neuron disease,"YLDs per 100,000",0.42138295596,0.25055271545,0.62980235488,50-69,26.3351,17.2283
Morocco,2021.0,50-69 years,Male,Motor neuron disease,"YLDs per 100,000",0.44624290378,0.2636918474,0.67936990963,50-69,31.7917,-7.0926
Morocco,2021.0,50-69 years,Female,Motor neuron disease,"YLDs per 100,000",0.40842660896,0.2438398577,0.62290959251,50-69,31.7917,-7.0926
Oman,2021.0,50-69 years,Male,Motor neuron disease,"YLDs per 100,000",0.41168149931,0.23677607572,0.6385086438199999,50-69,21.4735,55.9754
Oman,2021.0,50-69 years,Female,Motor neuron disease,"YLDs per 100,000",0.84273682095,0.53769808827,1.22507944805,50-69,21.4735,55.9754
Palestine,2021.0,50-69 years,Male,Motor neuron disease,"YLDs per 100,000",0.4449194145,0.26251061554,0.69847420338,50-69,31.9474,35.2272
Palestine,2021.0,50-69 years,Female,Motor neuron disease,"YLDs per 100,000",0.4423852233799999,0.25739621256,0.69382053067,50-69,31.9474,35.2272
Qatar,2021.0,50-69 years,Male,Motor neuron disease,"YLDs per 100,000",0.57962412113,0.32021091279,0.909711209,50-69,25.3548,51.1839
Qatar,2021.0,50-69 years,Female,Motor neuron disease,"YLDs per 100,000",0.54119765045,0.31156183419,0.8351018752299999,50-69,25.3548,51.1839
Saudi Arabia,2021.0,50-69 years,Male,Motor neuron disease,"YLDs per 100,000",0.43600465704,0.2554783587099999,0.66433057241,50-69,23.8859,45.0792
Saudi Arabia,2021.0,50-69 years,Female,Motor neuron disease,"YLDs per 100,000",0.3990185253999999,0.2332703461899999,0.6204574445000001,50-69,23.8859,45.0792
Sudan,2021.0,50-69 years,Male,Motor neuron disease,"YLDs per 100,000",0.31169754646,0.18358914472,0.48465207788,50-69,12.8628,30.2176
Sudan,2021.0,50-69 years,Female,Motor neuron disease,"YLDs per 100,000",0.29348537072,0.17138822401,0.4528068892899999,50-69,12.8628,30.2176
Syrian Arab Republic,2021.0,50-69 years,Male,Motor neuron disease,"YLDs per 100,000",0.45883479094,0.27896256846,0.68896050295,50-69,34.802075,38.996815
Syrian Arab Republic,2021.0,50-69 years,Female,Motor neuron disease,"YLDs per 100,000",0.45232165796,0.26246327716,0.69135986607,50-69,34.802075,38.996815
Tunisia,2021.0,50-69 years,Male,Motor neuron disease,"YLDs per 100,000",0.5168967058,0.31382853456,0.78891147122,50-69,33.8869,9.5375
Tunisia,2021.0,50-69 years,Female,Motor neuron disease,"YLDs per 100,000",0.52776444131,0.30682993643,0.8008588115399999,50-69,33.8869,9.5375
Türkiye,2021.0,50-69 years,Male,Motor neuron disease,"YLDs per 100,000",1.33764715687,0.85699504248,1.92157310435,50-69,38.9637,35.2433
Türkiye,2021.0,50-69 years,Female,Motor neuron disease,"YLDs per 100,000",1.13154683555,0.72363000497,1.62173592831,50-69,38.9637,35.2433
United Arab Emirates,2021.0,50-69 years,Male,Motor neuron disease,"YLDs per 100,000",0.56712325052,0.33703221485,0.8554014506800001,50-69,23.4241,53.8478
United Arab Emirates,2021.0,50-69 years,Female,Motor neuron disease,"YLDs per 100,000",0.54825213481,0.3314649988399999,0.82149305012,50-69,23.4241,53.8478
Yemen,2021.0,50-69 years,Male,Motor neuron disease,"YLDs per 100,000",0.29330744884,0.17145608163,0.45238980077,50-69,15.552727,48.516388
Yemen,2021.0,50-69 years,Female,Motor neuron disease,"YLDs per 100,000",0.27433763308,0.16105352661,0.4242808155899999,50-69,15.552727,48.516388
Afghanistan,2021.0,50-69 years,Male,Headache disorders,"YLDs per 100,000",542.32810256409,185.08598216724,1042.93053217043,50-69,33.93911,67.709953
Afghanistan,2021.0,50-69 years,Female,Headache disorders,"YLDs per 100,000",913.50087681908,254.59133519716,1777.99325114666,50-69,33.93911,67.709953
Algeria,2021.0,50-69 years,Male,Headache disorders,"YLDs per 100,000",541.46514855397,193.14767790242,1030.44137247422,50-69,28.033886,1.659626
Algeria,2021.0,50-69 years,Female,Headache disorders,"YLDs per 100,000",896.7315279205,266.40755929913,1786.0430798352402,50-69,28.033886,1.659626
Bahrain,2021.0,50-69 years,Male,Headache disorders,"YLDs per 100,000",547.4633080121,183.37470234397,1060.32845462868,50-69,26.0667,50.5577
Bahrain,2021.0,50-69 years,Female,Headache disorders,"YLDs per 100,000",894.93917082164,262.18188323268004,1778.2680545104402,50-69,26.0667,50.5577
Egypt,2021.0,50-69 years,Male,Headache disorders,"YLDs per 100,000",518.26955781634,181.82642336091,1012.20399910175,50-69,26.820553,30.802498
Egypt,2021.0,50-69 years,Female,Headache disorders,"YLDs per 100,000",896.8995923786599,266.29347214193,1764.84863872671,50-69,26.820553,30.802498
Iran (Islamic Republic of),2021.0,50-69 years,Male,Headache disorders,"YLDs per 100,000",636.91937583399,221.18677307443,1214.96369330066,50-69,32.4279,53.688
Iran (Islamic Republic of),2021.0,50-69 years,Female,Headache disorders,"YLDs per 100,000",1002.51398532413,276.38829529108,2063.25647189683,50-69,32.4279,53.688
Iraq,2021.0,50-69 years,Male,Headache disorders,"YLDs per 100,000",530.90954256924,186.99668492102,1028.38463106593,50-69,33.223191,43.679291
Iraq,2021.0,50-69 years,Female,Headache disorders,"YLDs per 100,000",887.6054467604699,263.5409373197,1758.06243666893,50-69,33.223191,43.679291
Jordan,2021.0,50-69 years,Male,Headache disorders,"YLDs per 100,000",549.11549259949,186.7706748254,1063.91355238556,50-69,30.5852,36.2384
Jordan,2021.0,50-69 years,Female,Headache disorders,"YLDs per 100,000",899.45611422143,262.49200628901,1772.73272235728,50-69,30.5852,36.2384
Kuwait,2021.0,50-69 years,Male,Headache disorders,"YLDs per 100,000",528.06174361764,160.91040754675,1082.34989744239,50-69,29.3759,47.9774
Kuwait,2021.0,50-69 years,Female,Headache disorders,"YLDs per 100,000",898.53383377705,265.11226307869,1781.0239162910802,50-69,29.3759,47.9774
Lebanon,2021.0,50-69 years,Male,Headache disorders,"YLDs per 100,000",527.75312373167,181.05891913411,1008.30031860166,50-69,33.8547,35.8623
Lebanon,2021.0,50-69 years,Female,Headache disorders,"YLDs per 100,000",878.1843506404499,258.76297253548,1712.03866610819,50-69,33.8547,35.8623
Libya,2021.0,50-69 years,Male,Headache disorders,"YLDs per 100,000",546.66717089369,187.91635001263,1060.70556735656,50-69,26.3351,17.2283
Libya,2021.0,50-69 years,Female,Headache disorders,"YLDs per 100,000",910.43149613994,261.96788713384,1755.41574742358,50-69,26.3351,17.2283
Morocco,2021.0,50-69 years,Male,Headache disorders,"YLDs per 100,000",534.0284618394201,183.47919937381,1022.24188264204,50-69,31.7917,-7.0926
Morocco,2021.0,50-69 years,Female,Headache disorders,"YLDs per 100,000",878.25851252358,257.08590213939,1731.5773458576998,50-69,31.7917,-7.0926
Oman,2021.0,50-69 years,Male,Headache disorders,"YLDs per 100,000",556.06349410453,190.29749227082,1076.89331008817,50-69,21.4735,55.9754
Oman,2021.0,50-69 years,Female,Headache disorders,"YLDs per 100,000",905.27141448904,263.63966980005,1792.70748617457,50-69,21.4735,55.9754
Palestine,2021.0,50-69 years,Male,Headache disorders,"YLDs per 100,000",539.56728259761,187.07793077874,1046.14950944668,50-69,31.9474,35.2272
Palestine,2021.0,50-69 years,Female,Headache disorders,"YLDs per 100,000",898.0273349207099,267.06889917911,1772.9639596749,50-69,31.9474,35.2272
Qatar,2021.0,50-69 years,Male,Headache disorders,"YLDs per 100,000",560.89835767177,189.94619690519,1076.78472277003,50-69,25.3548,51.1839
Qatar,2021.0,50-69 years,Female,Headache disorders,"YLDs per 100,000",917.06150434555,258.84429415838,1832.77897200146,50-69,25.3548,51.1839
Saudi Arabia,2021.0,50-69 years,Male,Headache disorders,"YLDs per 100,000",556.63631729485,193.15238696092,1098.39005289185,50-69,23.8859,45.0792
Saudi Arabia,2021.0,50-69 years,Female,Headache disorders,"YLDs per 100,000",865.13318057512,273.20015890748004,1656.00191181193,50-69,23.8859,45.0792
Sudan,2021.0,50-69 years,Male,Headache disorders,"YLDs per 100,000",546.35239369985,188.16350778846,1058.5968495242,50-69,12.8628,30.2176
Sudan,2021.0,50-69 years,Female,Headache disorders,"YLDs per 100,000",913.06813714922,267.55188665272,1811.72384664934,50-69,12.8628,30.2176
Syrian Arab Republic,2021.0,50-69 years,Male,Headache disorders,"YLDs per 100,000",543.73555119656,183.16810599995,1048.08360873249,50-69,34.802075,38.996815
Syrian Arab Republic,2021.0,50-69 years,Female,Headache disorders,"YLDs per 100,000",898.7470477525799,257.39833093865,1729.6112837260898,50-69,34.802075,38.996815
Tunisia,2021.0,50-69 years,Male,Headache disorders,"YLDs per 100,000",534.35113910384,182.4813647717,1033.05314763325,50-69,33.8869,9.5375
Tunisia,2021.0,50-69 years,Female,Headache disorders,"YLDs per 100,000",880.1339188198001,262.86306311236,1745.26990997527,50-69,33.8869,9.5375
Türkiye,2021.0,50-69 years,Male,Headache disorders,"YLDs per 100,000",509.03170931862,184.36870306562,965.07496883826,50-69,38.9637,35.2433
Türkiye,2021.0,50-69 years,Female,Headache disorders,"YLDs per 100,000",925.28838980403,287.21263083972,1788.01538636809,50-69,38.9637,35.2433
United Arab Emirates,2021.0,50-69 years,Male,Headache disorders,"YLDs per 100,000",564.21553182177,192.21008421932,1092.39547493656,50-69,23.4241,53.8478
United Arab Emirates,2021.0,50-69 years,Female,Headache disorders,"YLDs per 100,000",925.85980153456,267.75050900849004,1862.59123695363,50-69,23.4241,53.8478
Yemen,2021.0,50-69 years,Male,Headache disorders,"YLDs per 100,000",542.4061466957,183.2654426982,1027.05553476091,50-69,15.552727,48.516388
Yemen,2021.0,50-69 years,Female,Headache disorders,"YLDs per 100,000",888.6043839870799,262.52366318058,1733.17783516857,50-69,15.552727,48.516388
Afghanistan,2021.0,50-69 years,Male,Other neurological disorders,"YLDs per 100,000",21.00387310747,12.98504514255,31.983131734750003,50-69,33.93911,67.709953
Afghanistan,2021.0,50-69 years,Female,Other neurological disorders,"YLDs per 100,000",35.73168099557,19.26460275132,58.67682635994,50-69,33.93911,67.709953
Algeria,2021.0,50-69 years,Male,Other neurological disorders,"YLDs per 100,000",23.94094376815,15.48452167669,33.97009479267,50-69,28.033886,1.659626
Algeria,2021.0,50-69 years,Female,Other neurological disorders,"YLDs per 100,000",29.0429060115,18.92063313965,40.22459694511,50-69,28.033886,1.659626
Bahrain,2021.0,50-69 years,Male,Other neurological disorders,"YLDs per 100,000",26.66208873882,15.88812326775,42.1753642313,50-69,26.0667,50.5577
Bahrain,2021.0,50-69 years,Female,Other neurological disorders,"YLDs per 100,000",30.5459883552,18.75128252845,45.39921435598,50-69,26.0667,50.5577
Egypt,2021.0,50-69 years,Male,Other neurological disorders,"YLDs per 100,000",26.43608356871,15.95410624322,41.073009117880005,50-69,26.820553,30.802498
Egypt,2021.0,50-69 years,Female,Other neurological disorders,"YLDs per 100,000",28.52643232033,17.37965334807,42.71558213897,50-69,26.820553,30.802498
Iran (Islamic Republic of),2021.0,50-69 years,Male,Other neurological disorders,"YLDs per 100,000",25.797056205430003,17.5858042951,34.0860237806,50-69,32.4279,53.688
Iran (Islamic Republic of),2021.0,50-69 years,Female,Other neurological disorders,"YLDs per 100,000",30.24011391795,20.95278935092,39.76608119419,50-69,32.4279,53.688
Iraq,2021.0,50-69 years,Male,Other neurological disorders,"YLDs per 100,000",23.20673601789,14.58073090048,33.22523865409,50-69,33.223191,43.679291
Iraq,2021.0,50-69 years,Female,Other neurological disorders,"YLDs per 100,000",26.8837556007,17.44954068529,37.0383018803,50-69,33.223191,43.679291
Jordan,2021.0,50-69 years,Male,Other neurological disorders,"YLDs per 100,000",22.8124293565,14.180406454060002,32.73856567969,50-69,30.5852,36.2384
Jordan,2021.0,50-69 years,Female,Other neurological disorders,"YLDs per 100,000",27.88766372337,18.38417552911,39.34679227116,50-69,30.5852,36.2384
Kuwait,2021.0,50-69 years,Male,Other neurological disorders,"YLDs per 100,000",25.120499861240003,15.0980366234,37.13888907505,50-69,29.3759,47.9774
Kuwait,2021.0,50-69 years,Female,Other neurological disorders,"YLDs per 100,000",29.40703187598,18.15179205555,42.30198575057,50-69,29.3759,47.9774
Lebanon,2021.0,50-69 years,Male,Other neurological disorders,"YLDs per 100,000",24.48791428882,15.46763225763,35.41482246804,50-69,33.8547,35.8623
Lebanon,2021.0,50-69 years,Female,Other neurological disorders,"YLDs per 100,000",30.42119486937,19.69576743412,42.033548189040005,50-69,33.8547,35.8623
Libya,2021.0,50-69 years,Male,Other neurological disorders,"YLDs per 100,000",23.76250584532,15.32536494934,34.79282873687,50-69,26.3351,17.2283
Libya,2021.0,50-69 years,Female,Other neurological disorders,"YLDs per 100,000",27.733945157980003,18.03224799379,39.32465226595,50-69,26.3351,17.2283
Morocco,2021.0,50-69 years,Male,Other neurological disorders,"YLDs per 100,000",26.81247325961,16.683056662730003,40.69661571494,50-69,31.7917,-7.0926
Morocco,2021.0,50-69 years,Female,Other neurological disorders,"YLDs per 100,000",27.80349956614,18.36508488977,39.07873474124,50-69,31.7917,-7.0926
Oman,2021.0,50-69 years,Male,Other neurological disorders,"YLDs per 100,000",24.2682509555,14.83557556206,36.10116985927,50-69,21.4735,55.9754
Oman,2021.0,50-69 years,Female,Other neurological disorders,"YLDs per 100,000",28.44355785632,18.6285579619,40.84631806694,50-69,21.4735,55.9754
Palestine,2021.0,50-69 years,Male,Other neurological disorders,"YLDs per 100,000",24.24946545762,15.38600449091,34.70429483578,50-69,31.9474,35.2272
Palestine,2021.0,50-69 years,Female,Other neurological disorders,"YLDs per 100,000",27.78040521475,17.85749000491,38.98471066918,50-69,31.9474,35.2272
Qatar,2021.0,50-69 years,Male,Other neurological disorders,"YLDs per 100,000",25.00879224101,15.93587810335,37.70921798849,50-69,25.3548,51.1839
Qatar,2021.0,50-69 years,Female,Other neurological disorders,"YLDs per 100,000",34.02698388124,22.10212894844,48.72396101618,50-69,25.3548,51.1839
Saudi Arabia,2021.0,50-69 years,Male,Other neurological disorders,"YLDs per 100,000",31.026804292900003,16.39788180559,51.39858679534,50-69,23.8859,45.0792
Saudi Arabia,2021.0,50-69 years,Female,Other neurological disorders,"YLDs per 100,000",35.0922596336,20.02714264395,56.34363196287,50-69,23.8859,45.0792
Sudan,2021.0,50-69 years,Male,Other neurological disorders,"YLDs per 100,000",22.75189297038,14.04589482394,32.96929497429,50-69,12.8628,30.2176
Sudan,2021.0,50-69 years,Female,Other neurological disorders,"YLDs per 100,000",25.39360585967,15.78058515882,35.78929857653,50-69,12.8628,30.2176
Syrian Arab Republic,2021.0,50-69 years,Male,Other neurological disorders,"YLDs per 100,000",21.72026416129,13.889836785860002,30.87491296683,50-69,34.802075,38.996815
Syrian Arab Republic,2021.0,50-69 years,Female,Other neurological disorders,"YLDs per 100,000",26.49523601402,17.009474426369998,36.17128183177,50-69,34.802075,38.996815
Tunisia,2021.0,50-69 years,Male,Other neurological disorders,"YLDs per 100,000",23.8111571925,15.679392322420002,34.51407311184,50-69,33.8869,9.5375
Tunisia,2021.0,50-69 years,Female,Other neurological disorders,"YLDs per 100,000",29.20868326407,20.035295981620003,40.17597345199,50-69,33.8869,9.5375
Türkiye,2021.0,50-69 years,Male,Other neurological disorders,"YLDs per 100,000",29.12163684248,17.41987683563,42.835989279020005,50-69,38.9637,35.2433
Türkiye,2021.0,50-69 years,Female,Other neurological disorders,"YLDs per 100,000",32.16602152293,20.45973964778,44.89062188391,50-69,38.9637,35.2433
United Arab Emirates,2021.0,50-69 years,Male,Other neurological disorders,"YLDs per 100,000",31.43454067331,17.10601597377,53.14328323253,50-69,23.4241,53.8478
United Arab Emirates,2021.0,50-69 years,Female,Other neurological disorders,"YLDs per 100,000",30.5903586637,18.13953954813,48.24118166187,50-69,23.4241,53.8478
Yemen,2021.0,50-69 years,Male,Other neurological disorders,"YLDs per 100,000",22.08026082008,14.52892297707,31.22409885805,50-69,15.552727,48.516388
Yemen,2021.0,50-69 years,Female,Other neurological disorders,"YLDs per 100,000",25.21988970905,16.65906954995,35.41094054305,50-69,15.552727,48.516388
"Institute for Health Metrics and Evaluation (IHME). GBD Compare Data Visualization. Global Burden of Disease (GBD) Study 2021. Seattle, WA: IHME, University of Washington, 2023. Available from http://vizhub.healthdata.org/gbd-compare. (Accessed 7/25/2024).",,,,,,,,,50-69,0.0,0.0
"For terms and conditions of use, please visit http://www.healthdata.org/about/terms-and-conditions",,,,,,,,,50-69,0.0,0.0
Afghanistan,2021.0,70+ years,Male,Alzheimer's disease and other dementias,"YLDs per 100,000",1489.00917051209,1044.85176841782,1968.50233527806,70+,33.93911,67.709953
Afghanistan,2021.0,70+ years,Female,Alzheimer's disease and other dementias,"YLDs per 100,000",1872.39093890115,1289.33026920011,2523.5832010002,70+,33.93911,67.709953
Algeria,2021.0,70+ years,Male,Alzheimer's disease and other dementias,"YLDs per 100,000",1528.37260546807,1039.58542773464,2060.14382420161,70+,28.033886,1.659626
Algeria,2021.0,70+ years,Female,Alzheimer's disease and other dementias,"YLDs per 100,000",1993.0392733748,1359.33491675939,2699.5591294138003,70+,28.033886,1.659626
Bahrain,2021.0,70+ years,Male,Alzheimer's disease and other dementias,"YLDs per 100,000",1127.28382096628,762.03669062879,1537.74590569453,70+,26.0667,50.5577
Bahrain,2021.0,70+ years,Female,Alzheimer's disease and other dementias,"YLDs per 100,000",1804.59136907707,1247.70696983909,2428.57973306478,70+,26.0667,50.5577
Egypt,2021.0,70+ years,Male,Alzheimer's disease and other dementias,"YLDs per 100,000",1455.26478401487,992.68246926665,1947.89322784114,70+,26.820553,30.802498
Egypt,2021.0,70+ years,Female,Alzheimer's disease and other dementias,"YLDs per 100,000",1535.52407554226,1049.08614485815,2094.2938195789297,70+,26.820553,30.802498
Iran (Islamic Republic of),2021.0,70+ years,Male,Alzheimer's disease and other dementias,"YLDs per 100,000",1804.4631596819,1230.8207825378,2425.50730782685,70+,32.4279,53.688
Iran (Islamic Republic of),2021.0,70+ years,Female,Alzheimer's disease and other dementias,"YLDs per 100,000",2243.71242453741,1539.3054439611,3026.71725939324,70+,32.4279,53.688
Iraq,2021.0,70+ years,Male,Alzheimer's disease and other dementias,"YLDs per 100,000",1367.20090972089,947.03102427424,1829.50311315901,70+,33.223191,43.679291
Iraq,2021.0,70+ years,Female,Alzheimer's disease and other dementias,"YLDs per 100,000",2060.47826913496,1423.28078645919,2768.86062743801,70+,33.223191,43.679291
Jordan,2021.0,70+ years,Male,Alzheimer's disease and other dementias,"YLDs per 100,000",1570.93694615282,1090.91891375518,2090.34142504489,70+,30.5852,36.2384
Jordan,2021.0,70+ years,Female,Alzheimer's disease and other dementias,"YLDs per 100,000",1997.55585994251,1361.85643753695,2734.3470782722898,70+,30.5852,36.2384
Kuwait,2021.0,70+ years,Male,Alzheimer's disease and other dementias,"YLDs per 100,000",1858.02274408074,1284.41040794024,2467.01664957277,70+,29.3759,47.9774
Kuwait,2021.0,70+ years,Female,Alzheimer's disease and other dementias,"YLDs per 100,000",2656.82866728266,1861.32742915726,3498.00361808416,70+,29.3759,47.9774
Lebanon,2021.0,70+ years,Male,Alzheimer's disease and other dementias,"YLDs per 100,000",1929.80177452349,1338.90830728054,2563.29782323424,70+,33.8547,35.8623
Lebanon,2021.0,70+ years,Female,Alzheimer's disease and other dementias,"YLDs per 100,000",2797.6114277072,1925.5472147128,3712.38640692031,70+,33.8547,35.8623
Libya,2021.0,70+ years,Male,Alzheimer's disease and other dementias,"YLDs per 100,000",1674.36470126796,1145.76004731166,2233.7914662653097,70+,26.3351,17.2283
Libya,2021.0,70+ years,Female,Alzheimer's disease and other dementias,"YLDs per 100,000",2306.3244131015103,1587.3856764000702,3086.84925401806,70+,26.3351,17.2283
Morocco,2021.0,70+ years,Male,Alzheimer's disease and other dementias,"YLDs per 100,000",1520.54833145883,1057.47300634893,2030.9997334601,70+,31.7917,-7.0926
Morocco,2021.0,70+ years,Female,Alzheimer's disease and other dementias,"YLDs per 100,000",2165.07251159525,1488.49532055498,2922.12566201864,70+,31.7917,-7.0926
Oman,2021.0,70+ years,Male,Alzheimer's disease and other dementias,"YLDs per 100,000",1250.29214235403,865.05634682848,1684.58911534378,70+,21.4735,55.9754
Oman,2021.0,70+ years,Female,Alzheimer's disease and other dementias,"YLDs per 100,000",1960.60239900544,1338.57607520613,2667.00643045195,70+,21.4735,55.9754
Palestine,2021.0,70+ years,Male,Alzheimer's disease and other dementias,"YLDs per 100,000",1331.34089467592,922.91006147454,1794.20858236874,70+,31.9474,35.2272
Palestine,2021.0,70+ years,Female,Alzheimer's disease and other dementias,"YLDs per 100,000",2173.10157294067,1488.70470976996,2891.01548411863,70+,31.9474,35.2272
Qatar,2021.0,70+ years,Male,Alzheimer's disease and other dementias,"YLDs per 100,000",1278.2733836414,880.38845207164,1713.870773107,70+,25.3548,51.1839
Qatar,2021.0,70+ years,Female,Alzheimer's disease and other dementias,"YLDs per 100,000",1951.50478009326,1354.67573743356,2615.42940629692,70+,25.3548,51.1839
Saudi Arabia,2021.0,70+ years,Male,Alzheimer's disease and other dementias,"YLDs per 100,000",1193.53553940661,824.9367125937299,1644.22155445709,70+,23.8859,45.0792
Saudi Arabia,2021.0,70+ years,Female,Alzheimer's disease and other dementias,"YLDs per 100,000",1854.02597948872,1283.6590952075398,2485.08325040927,70+,23.8859,45.0792
Sudan,2021.0,70+ years,Male,Alzheimer's disease and other dementias,"YLDs per 100,000",1490.0971692457902,1015.64680779606,1993.6602851907,70+,12.8628,30.2176
Sudan,2021.0,70+ years,Female,Alzheimer's disease and other dementias,"YLDs per 100,000",2099.79445348544,1449.45901011951,2836.31270079185,70+,12.8628,30.2176
Syrian Arab Republic,2021.0,70+ years,Male,Alzheimer's disease and other dementias,"YLDs per 100,000",1525.73304462148,1052.69178922961,2040.46269920096,70+,34.802075,38.996815
Syrian Arab Republic,2021.0,70+ years,Female,Alzheimer's disease and other dementias,"YLDs per 100,000",1850.79917036116,1258.52527016008,2554.02129488366,70+,34.802075,38.996815
Tunisia,2021.0,70+ years,Male,Alzheimer's disease and other dementias,"YLDs per 100,000",1561.19386407412,1085.24547940795,2071.67774687798,70+,33.8869,9.5375
Tunisia,2021.0,70+ years,Female,Alzheimer's disease and other dementias,"YLDs per 100,000",2389.14002208489,1653.00964110858,3159.27987449189,70+,33.8869,9.5375
Türkiye,2021.0,70+ years,Male,Alzheimer's disease and other dementias,"YLDs per 100,000",1665.50993744051,1159.81076756648,2248.7627476831603,70+,38.9637,35.2433
Türkiye,2021.0,70+ years,Female,Alzheimer's disease and other dementias,"YLDs per 100,000",2417.70408640259,1676.2623108105502,3228.71941554186,70+,38.9637,35.2433
United Arab Emirates,2021.0,70+ years,Male,Alzheimer's disease and other dementias,"YLDs per 100,000",988.79386776652,651.69048409401,1352.05354891923,70+,23.4241,53.8478
United Arab Emirates,2021.0,70+ years,Female,Alzheimer's disease and other dementias,"YLDs per 100,000",1130.03991894664,762.91870690611,1568.7566107393002,70+,23.4241,53.8478
Yemen,2021.0,70+ years,Male,Alzheimer's disease and other dementias,"YLDs per 100,000",1449.59788277823,1005.63104082783,1934.76017197345,70+,15.552727,48.516388
Yemen,2021.0,70+ years,Female,Alzheimer's disease and other dementias,"YLDs per 100,000",2070.3877144214,1410.5543962135698,2814.2042687478297,70+,15.552727,48.516388
Afghanistan,2021.0,70+ years,Male,Parkinson's disease,"YLDs per 100,000",135.59995217222,88.88548226161001,190.59056929602,70+,33.93911,67.709953
Afghanistan,2021.0,70+ years,Female,Parkinson's disease,"YLDs per 100,000",76.35855821612999,49.83668148644,112.13765857497,70+,33.93911,67.709953
Algeria,2021.0,70+ years,Male,Parkinson's disease,"YLDs per 100,000",178.78358812336,115.61707696442,252.98159069448,70+,28.033886,1.659626
Algeria,2021.0,70+ years,Female,Parkinson's disease,"YLDs per 100,000",96.67219552246,60.64427474012,140.83818845307,70+,28.033886,1.659626
Bahrain,2021.0,70+ years,Male,Parkinson's disease,"YLDs per 100,000",186.92906502657,122.49059154391,270.95246142409,70+,26.0667,50.5577
Bahrain,2021.0,70+ years,Female,Parkinson's disease,"YLDs per 100,000",119.97143271937,77.99535873832001,175.0061409332,70+,26.0667,50.5577
Egypt,2021.0,70+ years,Male,Parkinson's disease,"YLDs per 100,000",215.71851835933,141.86472116626,295.26795848974,70+,26.820553,30.802498
Egypt,2021.0,70+ years,Female,Parkinson's disease,"YLDs per 100,000",143.26725916645,93.83764646912,209.58943237977,70+,26.820553,30.802498
Iran (Islamic Republic of),2021.0,70+ years,Male,Parkinson's disease,"YLDs per 100,000",204.49214925572,144.31987327835,280.61224219041003,70+,32.4279,53.688
Iran (Islamic Republic of),2021.0,70+ years,Female,Parkinson's disease,"YLDs per 100,000",112.25452969153,78.03128518119,154.03493905851,70+,32.4279,53.688
Iraq,2021.0,70+ years,Male,Parkinson's disease,"YLDs per 100,000",193.38838658726,125.13729591617,274.68296465678,70+,33.223191,43.679291
Iraq,2021.0,70+ years,Female,Parkinson's disease,"YLDs per 100,000",88.60605067634,57.49176212672,130.74244519984,70+,33.223191,43.679291
Jordan,2021.0,70+ years,Male,Parkinson's disease,"YLDs per 100,000",137.02166484525,94.44715028917,189.18775533558,70+,30.5852,36.2384
Jordan,2021.0,70+ years,Female,Parkinson's disease,"YLDs per 100,000",80.85636804127999,54.02350297211,115.25582978049,70+,30.5852,36.2384
Kuwait,2021.0,70+ years,Male,Parkinson's disease,"YLDs per 100,000",177.50096321011,113.70421891437,261.00416037578,70+,29.3759,47.9774
Kuwait,2021.0,70+ years,Female,Parkinson's disease,"YLDs per 100,000",106.62665153657,65.74477728504,151.74757262281,70+,29.3759,47.9774
Lebanon,2021.0,70+ years,Male,Parkinson's disease,"YLDs per 100,000",187.90523975792,125.64727923766,262.30510187637003,70+,33.8547,35.8623
Lebanon,2021.0,70+ years,Female,Parkinson's disease,"YLDs per 100,000",110.85551509332,73.52370349964,154.28535626585,70+,33.8547,35.8623
Libya,2021.0,70+ years,Male,Parkinson's disease,"YLDs per 100,000",163.24606579109002,111.83009622322,227.98448973024,70+,26.3351,17.2283
Libya,2021.0,70+ years,Female,Parkinson's disease,"YLDs per 100,000",92.22318158899,60.83066133099,133.07868816565,70+,26.3351,17.2283
Morocco,2021.0,70+ years,Male,Parkinson's disease,"YLDs per 100,000",170.84352634357,115.50058688134,242.91005736482,70+,31.7917,-7.0926
Morocco,2021.0,70+ years,Female,Parkinson's disease,"YLDs per 100,000",103.1054097516,66.7807237932,144.68335742716,70+,31.7917,-7.0926
Oman,2021.0,70+ years,Male,Parkinson's disease,"YLDs per 100,000",288.88456904235,190.9387017518,410.09859062894,70+,21.4735,55.9754
Oman,2021.0,70+ years,Female,Parkinson's disease,"YLDs per 100,000",145.43697293642998,91.66439968394,209.68109571549,70+,21.4735,55.9754
Palestine,2021.0,70+ years,Male,Parkinson's disease,"YLDs per 100,000",196.83233873624,128.18390586218,280.39582443238,70+,31.9474,35.2272
Palestine,2021.0,70+ years,Female,Parkinson's disease,"YLDs per 100,000",112.84822459993,75.81374384418,161.65101551093,70+,31.9474,35.2272
Qatar,2021.0,70+ years,Male,Parkinson's disease,"YLDs per 100,000",267.7979351243,174.09858988487,392.52026057387,70+,25.3548,51.1839
Qatar,2021.0,70+ years,Female,Parkinson's disease,"YLDs per 100,000",223.0277955361,148.12430772897,319.32158066509,70+,25.3548,51.1839
Saudi Arabia,2021.0,70+ years,Male,Parkinson's disease,"YLDs per 100,000",234.32486748201,160.52924551657,338.04580314878,70+,23.8859,45.0792
Saudi Arabia,2021.0,70+ years,Female,Parkinson's disease,"YLDs per 100,000",106.26636582422,66.27129543552999,151.74160068553,70+,23.8859,45.0792
Sudan,2021.0,70+ years,Male,Parkinson's disease,"YLDs per 100,000",158.45135637943,96.3503407135,237.21312929823,70+,12.8628,30.2176
Sudan,2021.0,70+ years,Female,Parkinson's disease,"YLDs per 100,000",84.44562219769,55.01554022873,124.58334837737,70+,12.8628,30.2176
Syrian Arab Republic,2021.0,70+ years,Male,Parkinson's disease,"YLDs per 100,000",177.93112804129998,119.33514492569,256.12947080385004,70+,34.802075,38.996815
Syrian Arab Republic,2021.0,70+ years,Female,Parkinson's disease,"YLDs per 100,000",95.38533621241,60.16034447716,141.07023689575,70+,34.802075,38.996815
Tunisia,2021.0,70+ years,Male,Parkinson's disease,"YLDs per 100,000",186.63356484862,124.652355367,261.88799415381,70+,33.8869,9.5375
Tunisia,2021.0,70+ years,Female,Parkinson's disease,"YLDs per 100,000",105.85399845747,70.28383079039,149.17871100618,70+,33.8869,9.5375
Türkiye,2021.0,70+ years,Male,Parkinson's disease,"YLDs per 100,000",195.2204626884,126.63511338922,284.84120073389,70+,38.9637,35.2433
Türkiye,2021.0,70+ years,Female,Parkinson's disease,"YLDs per 100,000",113.67680186985,73.26469978606,163.20640209121,70+,38.9637,35.2433
United Arab Emirates,2021.0,70+ years,Male,Parkinson's disease,"YLDs per 100,000",184.79513582454,114.0273179935,281.87355656038,70+,23.4241,53.8478
United Arab Emirates,2021.0,70+ years,Female,Parkinson's disease,"YLDs per 100,000",103.93949121473,66.07208942944,154.8894571609,70+,23.4241,53.8478
Yemen,2021.0,70+ years,Male,Parkinson's disease,"YLDs per 100,000",134.92539385671,88.77340250536,189.93661526574,70+,15.552727,48.516388
Yemen,2021.0,70+ years,Female,Parkinson's disease,"YLDs per 100,000",73.37054338951,47.07279633966,105.62882715909,70+,15.552727,48.516388
Afghanistan,2021.0,70+ years,Male,Idiopathic epilepsy,"YLDs per 100,000",70.35627041625,15.27753345373,154.86023211671,70+,33.93911,67.709953
Afghanistan,2021.0,70+ years,Female,Idiopathic epilepsy,"YLDs per 100,000",114.20507686118,24.6465339865,243.03046714434,70+,33.93911,67.709953
Algeria,2021.0,70+ years,Male,Idiopathic epilepsy,"YLDs per 100,000",89.60414677617,19.20409674209,196.95086066593,70+,28.033886,1.659626
Algeria,2021.0,70+ years,Female,Idiopathic epilepsy,"YLDs per 100,000",90.82368841746,19.09798569291,200.48412956463,70+,28.033886,1.659626
Bahrain,2021.0,70+ years,Male,Idiopathic epilepsy,"YLDs per 100,000",174.35778671389,39.40188054009,385.50467729419,70+,26.0667,50.5577
Bahrain,2021.0,70+ years,Female,Idiopathic epilepsy,"YLDs per 100,000",154.15589071547,35.46480148106,336.68381269692,70+,26.0667,50.5577
Egypt,2021.0,70+ years,Male,Idiopathic epilepsy,"YLDs per 100,000",115.47024576764,27.78147990009,264.62032435942,70+,26.820553,30.802498
Egypt,2021.0,70+ years,Female,Idiopathic epilepsy,"YLDs per 100,000",107.43964632971,23.93716075346,246.84471965879,70+,26.820553,30.802498
Iran (Islamic Republic of),2021.0,70+ years,Male,Idiopathic epilepsy,"YLDs per 100,000",105.12816187289,52.87807744992,177.87864559324998,70+,32.4279,53.688
Iran (Islamic Republic of),2021.0,70+ years,Female,Idiopathic epilepsy,"YLDs per 100,000",97.97459959492,50.49410205176,165.53211643769,70+,32.4279,53.688
Iraq,2021.0,70+ years,Male,Idiopathic epilepsy,"YLDs per 100,000",90.88601288322,22.27718010327,189.22133827807,70+,33.223191,43.679291
Iraq,2021.0,70+ years,Female,Idiopathic epilepsy,"YLDs per 100,000",84.57368871938,19.54224832765,178.26875467011,70+,33.223191,43.679291
Jordan,2021.0,70+ years,Male,Idiopathic epilepsy,"YLDs per 100,000",73.18595162597,18.49741955751,162.3047086942,70+,30.5852,36.2384
Jordan,2021.0,70+ years,Female,Idiopathic epilepsy,"YLDs per 100,000",69.52995690572,17.37359248029,153.23929260279002,70+,30.5852,36.2384
Kuwait,2021.0,70+ years,Male,Idiopathic epilepsy,"YLDs per 100,000",119.45971260154,21.36597181309,268.79674179303,70+,29.3759,47.9774
Kuwait,2021.0,70+ years,Female,Idiopathic epilepsy,"YLDs per 100,000",122.12177445126,25.77736503433,267.24270100534,70+,29.3759,47.9774
Lebanon,2021.0,70+ years,Male,Idiopathic epilepsy,"YLDs per 100,000",88.46742310579,18.23767823308,205.11190351644,70+,33.8547,35.8623
Lebanon,2021.0,70+ years,Female,Idiopathic epilepsy,"YLDs per 100,000",85.03915986839999,18.50576002047,192.92629118829,70+,33.8547,35.8623
Libya,2021.0,70+ years,Male,Idiopathic epilepsy,"YLDs per 100,000",88.2605674591,18.80706010481,189.50186802068,70+,26.3351,17.2283
Libya,2021.0,70+ years,Female,Idiopathic epilepsy,"YLDs per 100,000",85.68888827197,19.55965275754,183.32196622148,70+,26.3351,17.2283
Morocco,2021.0,70+ years,Male,Idiopathic epilepsy,"YLDs per 100,000",124.84647283389,28.06807945642,277.00914464007,70+,31.7917,-7.0926
Morocco,2021.0,70+ years,Female,Idiopathic epilepsy,"YLDs per 100,000",86.2252663356,17.9459569469,192.86793630264,70+,31.7917,-7.0926
Oman,2021.0,70+ years,Male,Idiopathic epilepsy,"YLDs per 100,000",124.80019053389,29.76473131295,265.84677303675,70+,21.4735,55.9754
Oman,2021.0,70+ years,Female,Idiopathic epilepsy,"YLDs per 100,000",98.00660992866,20.91601633316,207.05449357345,70+,21.4735,55.9754
Palestine,2021.0,70+ years,Male,Idiopathic epilepsy,"YLDs per 100,000",87.03953046413,19.88954119087,195.81863329849,70+,31.9474,35.2272
Palestine,2021.0,70+ years,Female,Idiopathic epilepsy,"YLDs per 100,000",83.30123864322,20.17143758388,184.26941408591,70+,31.9474,35.2272
Qatar,2021.0,70+ years,Male,Idiopathic epilepsy,"YLDs per 100,000",103.11804928428,22.71954647361,243.58908828489,70+,25.3548,51.1839
Qatar,2021.0,70+ years,Female,Idiopathic epilepsy,"YLDs per 100,000",132.57730506754,31.02756350079,299.78526781714004,70+,25.3548,51.1839
Saudi Arabia,2021.0,70+ years,Male,Idiopathic epilepsy,"YLDs per 100,000",166.91941675696,31.53207015051,358.90445953492,70+,23.8859,45.0792
Saudi Arabia,2021.0,70+ years,Female,Idiopathic epilepsy,"YLDs per 100,000",190.42768631886,38.009722303450005,401.18238823078,70+,23.8859,45.0792
Sudan,2021.0,70+ years,Male,Idiopathic epilepsy,"YLDs per 100,000",84.3679060931,20.26255370099,180.79073826719,70+,12.8628,30.2176
Sudan,2021.0,70+ years,Female,Idiopathic epilepsy,"YLDs per 100,000",80.65736690787999,19.50123534502,173.05515799233,70+,12.8628,30.2176
Syrian Arab Republic,2021.0,70+ years,Male,Idiopathic epilepsy,"YLDs per 100,000",58.31150075487,14.291961929849998,129.85006466019,70+,34.802075,38.996815
Syrian Arab Republic,2021.0,70+ years,Female,Idiopathic epilepsy,"YLDs per 100,000",59.69413867373999,13.17295653514,132.70763410598,70+,34.802075,38.996815
Tunisia,2021.0,70+ years,Male,Idiopathic epilepsy,"YLDs per 100,000",80.93764787598,19.09233265,179.74254293833,70+,33.8869,9.5375
Tunisia,2021.0,70+ years,Female,Idiopathic epilepsy,"YLDs per 100,000",78.92932491295,17.83717526951,172.51507141233,70+,33.8869,9.5375
Türkiye,2021.0,70+ years,Male,Idiopathic epilepsy,"YLDs per 100,000",146.93389004654,38.36586871584,319.07397770365,70+,38.9637,35.2433
Türkiye,2021.0,70+ years,Female,Idiopathic epilepsy,"YLDs per 100,000",141.25083280808,37.38018042833,306.71143485079,70+,38.9637,35.2433
United Arab Emirates,2021.0,70+ years,Male,Idiopathic epilepsy,"YLDs per 100,000",169.32959026769,43.06684008874,356.47809427072,70+,23.4241,53.8478
United Arab Emirates,2021.0,70+ years,Female,Idiopathic epilepsy,"YLDs per 100,000",153.60051010987,41.47599212333,332.28526941353,70+,23.4241,53.8478
Yemen,2021.0,70+ years,Male,Idiopathic epilepsy,"YLDs per 100,000",73.9192698811,11.63858409247,154.64737159116,70+,15.552727,48.516388
Yemen,2021.0,70+ years,Female,Idiopathic epilepsy,"YLDs per 100,000",69.39269453659,11.36794721799,149.85079087162,70+,15.552727,48.516388
Afghanistan,2021.0,70+ years,Male,Multiple sclerosis,"YLDs per 100,000",12.01126601468,7.680603479929999,18.30825695475,70+,33.93911,67.709953
Afghanistan,2021.0,70+ years,Female,Multiple sclerosis,"YLDs per 100,000",25.39916017674,15.53745182626,37.92825596606,70+,33.93911,67.709953
Algeria,2021.0,70+ years,Male,Multiple sclerosis,"YLDs per 100,000",16.16126904627,10.08699137076,24.28186654201,70+,28.033886,1.659626
Algeria,2021.0,70+ years,Female,Multiple sclerosis,"YLDs per 100,000",32.7633979745,20.63749563101,47.48391348029,70+,28.033886,1.659626
Bahrain,2021.0,70+ years,Male,Multiple sclerosis,"YLDs per 100,000",13.283199690699998,8.09173896879,20.85579468491,70+,26.0667,50.5577
Bahrain,2021.0,70+ years,Female,Multiple sclerosis,"YLDs per 100,000",28.31602459062,17.73648094576,41.89932147932,70+,26.0667,50.5577
Egypt,2021.0,70+ years,Male,Multiple sclerosis,"YLDs per 100,000",10.04413661241,5.42297182676,16.12489512547,70+,26.820553,30.802498
Egypt,2021.0,70+ years,Female,Multiple sclerosis,"YLDs per 100,000",25.733414887530003,14.34306057783,37.8807349467,70+,26.820553,30.802498
Iran (Islamic Republic of),2021.0,70+ years,Male,Multiple sclerosis,"YLDs per 100,000",17.12158338336,12.09068775034,23.29882376338,70+,32.4279,53.688
Iran (Islamic Republic of),2021.0,70+ years,Female,Multiple sclerosis,"YLDs per 100,000",35.36101671747,25.56508810683,46.445323670890005,70+,32.4279,53.688
Iraq,2021.0,70+ years,Male,Multiple sclerosis,"YLDs per 100,000",15.80780667182,9.60026761715,23.16456526191,70+,33.223191,43.679291
Iraq,2021.0,70+ years,Female,Multiple sclerosis,"YLDs per 100,000",25.88346586534,16.19859583486,38.08641944144,70+,33.223191,43.679291
Jordan,2021.0,70+ years,Male,Multiple sclerosis,"YLDs per 100,000",19.32868347457,11.75916993249,28.29550543595,70+,30.5852,36.2384
Jordan,2021.0,70+ years,Female,Multiple sclerosis,"YLDs per 100,000",36.44231880693,22.34092357971,53.281867859070005,70+,30.5852,36.2384
Kuwait,2021.0,70+ years,Male,Multiple sclerosis,"YLDs per 100,000",20.55817508858,12.04802732954,31.063565421320003,70+,29.3759,47.9774
Kuwait,2021.0,70+ years,Female,Multiple sclerosis,"YLDs per 100,000",34.29760518932,21.9870131418,49.32329170473,70+,29.3759,47.9774
Lebanon,2021.0,70+ years,Male,Multiple sclerosis,"YLDs per 100,000",19.22545983692,12.12737507374,28.074198609410004,70+,33.8547,35.8623
Lebanon,2021.0,70+ years,Female,Multiple sclerosis,"YLDs per 100,000",37.55873337548,24.54138981543,53.82811859508001,70+,33.8547,35.8623
Libya,2021.0,70+ years,Male,Multiple sclerosis,"YLDs per 100,000",15.47991555517,8.9479027673,22.01001770214,70+,26.3351,17.2283
Libya,2021.0,70+ years,Female,Multiple sclerosis,"YLDs per 100,000",30.1252724835,18.36826004836,44.40578875882,70+,26.3351,17.2283
Morocco,2021.0,70+ years,Male,Multiple sclerosis,"YLDs per 100,000",14.88758763763,9.41479125995,21.55458152894,70+,31.7917,-7.0926
Morocco,2021.0,70+ years,Female,Multiple sclerosis,"YLDs per 100,000",30.358598509430003,18.68646821591,44.93056731185,70+,31.7917,-7.0926
Oman,2021.0,70+ years,Male,Multiple sclerosis,"YLDs per 100,000",18.49594629976,11.86842506974,26.10802840032,70+,21.4735,55.9754
Oman,2021.0,70+ years,Female,Multiple sclerosis,"YLDs per 100,000",29.08972079712,18.26514113284,42.79993580448,70+,21.4735,55.9754
Palestine,2021.0,70+ years,Male,Multiple sclerosis,"YLDs per 100,000",17.07713845601,10.16255421876,25.51402445441,70+,31.9474,35.2272
Palestine,2021.0,70+ years,Female,Multiple sclerosis,"YLDs per 100,000",29.84562840669,18.23020879558,44.26337944513,70+,31.9474,35.2272
Qatar,2021.0,70+ years,Male,Multiple sclerosis,"YLDs per 100,000",22.59438333149,14.07079112995,34.87245799051,70+,25.3548,51.1839
Qatar,2021.0,70+ years,Female,Multiple sclerosis,"YLDs per 100,000",56.15132960477,38.58818027156,76.08221324936001,70+,25.3548,51.1839
Saudi Arabia,2021.0,70+ years,Male,Multiple sclerosis,"YLDs per 100,000",11.8843381105,6.837154493720001,19.68348616159,70+,23.8859,45.0792
Saudi Arabia,2021.0,70+ years,Female,Multiple sclerosis,"YLDs per 100,000",23.70456992998,14.05512532992,37.28338985858,70+,23.8859,45.0792
Sudan,2021.0,70+ years,Male,Multiple sclerosis,"YLDs per 100,000",9.97486388906,5.8948219241,15.53506793761,70+,12.8628,30.2176
Sudan,2021.0,70+ years,Female,Multiple sclerosis,"YLDs per 100,000",19.23453699691,11.49821170081,28.25502356347,70+,12.8628,30.2176
Syrian Arab Republic,2021.0,70+ years,Male,Multiple sclerosis,"YLDs per 100,000",14.30033005601,8.655382450160001,21.40975149143,70+,34.802075,38.996815
Syrian Arab Republic,2021.0,70+ years,Female,Multiple sclerosis,"YLDs per 100,000",29.74405390992,18.44967677194,43.98310255424,70+,34.802075,38.996815
Tunisia,2021.0,70+ years,Male,Multiple sclerosis,"YLDs per 100,000",18.84271581503,11.89499945421,28.45405669973,70+,33.8869,9.5375
Tunisia,2021.0,70+ years,Female,Multiple sclerosis,"YLDs per 100,000",35.4417828666,22.53482418788,51.79747875322,70+,33.8869,9.5375
Türkiye,2021.0,70+ years,Male,Multiple sclerosis,"YLDs per 100,000",17.77356816629,10.84311416304,24.81419763131,70+,38.9637,35.2433
Türkiye,2021.0,70+ years,Female,Multiple sclerosis,"YLDs per 100,000",29.58320013896,19.29507319479,42.76749335749,70+,38.9637,35.2433
United Arab Emirates,2021.0,70+ years,Male,Multiple sclerosis,"YLDs per 100,000",9.13340305151,4.9785806773,15.05913071055,70+,23.4241,53.8478
United Arab Emirates,2021.0,70+ years,Female,Multiple sclerosis,"YLDs per 100,000",16.11552299973,9.39871739401,25.14906199404,70+,23.4241,53.8478
Yemen,2021.0,70+ years,Male,Multiple sclerosis,"YLDs per 100,000",9.20993771627,5.24175029277,14.59890415947,70+,15.552727,48.516388
Yemen,2021.0,70+ years,Female,Multiple sclerosis,"YLDs per 100,000",18.13377679531,10.98870977668,26.51948941721,70+,15.552727,48.516388
Afghanistan,2021.0,70+ years,Male,Motor neuron disease,"YLDs per 100,000",0.42295705103,0.2366329351399999,0.64158849754,70+,33.93911,67.709953
Afghanistan,2021.0,70+ years,Female,Motor neuron disease,"YLDs per 100,000",0.3849384443399999,0.21229060328,0.5854996145,70+,33.93911,67.709953
Algeria,2021.0,70+ years,Male,Motor neuron disease,"YLDs per 100,000",0.51836087304,0.301406655,0.76768245322,70+,28.033886,1.659626
Algeria,2021.0,70+ years,Female,Motor neuron disease,"YLDs per 100,000",0.47625911536,0.2711867967899999,0.72115139688,70+,28.033886,1.659626
Bahrain,2021.0,70+ years,Male,Motor neuron disease,"YLDs per 100,000",0.47790239042,0.27471230705,0.76367341367,70+,26.0667,50.5577
Bahrain,2021.0,70+ years,Female,Motor neuron disease,"YLDs per 100,000",0.45774132616,0.26200891332,0.69580205112,70+,26.0667,50.5577
Egypt,2021.0,70+ years,Male,Motor neuron disease,"YLDs per 100,000",0.44449613244,0.26040842631,0.6607742611099999,70+,26.820553,30.802498
Egypt,2021.0,70+ years,Female,Motor neuron disease,"YLDs per 100,000",0.37009830278,0.20327283842,0.57727400154,70+,26.820553,30.802498
Iran (Islamic Republic of),2021.0,70+ years,Male,Motor neuron disease,"YLDs per 100,000",0.62966730327,0.38307137177,0.89268812462,70+,32.4279,53.688
Iran (Islamic Republic of),2021.0,70+ years,Female,Motor neuron disease,"YLDs per 100,000",0.65272940073,0.39476864624,0.94797394649,70+,32.4279,53.688
Iraq,2021.0,70+ years,Male,Motor neuron disease,"YLDs per 100,000",0.52629410048,0.30760857199,0.7994557692700001,70+,33.223191,43.679291
Iraq,2021.0,70+ years,Female,Motor neuron disease,"YLDs per 100,000",0.5454891403100001,0.31467220783,0.82094431894,70+,33.223191,43.679291
Jordan,2021.0,70+ years,Male,Motor neuron disease,"YLDs per 100,000",0.53013841344,0.30710440681,0.79152743828,70+,30.5852,36.2384
Jordan,2021.0,70+ years,Female,Motor neuron disease,"YLDs per 100,000",0.47677603782,0.2716312436999999,0.73886683788,70+,30.5852,36.2384
Kuwait,2021.0,70+ years,Male,Motor neuron disease,"YLDs per 100,000",1.09314652177,0.73315762029,1.52725838296,70+,29.3759,47.9774
Kuwait,2021.0,70+ years,Female,Motor neuron disease,"YLDs per 100,000",0.6154022407499999,0.37202111502,0.90152127083,70+,29.3759,47.9774
Lebanon,2021.0,70+ years,Male,Motor neuron disease,"YLDs per 100,000",0.57770868986,0.33805610169,0.83711425791,70+,33.8547,35.8623
Lebanon,2021.0,70+ years,Female,Motor neuron disease,"YLDs per 100,000",0.56811276664,0.34126595728,0.8148428929,70+,33.8547,35.8623
Libya,2021.0,70+ years,Male,Motor neuron disease,"YLDs per 100,000",0.47058389569,0.27674228245,0.6874999723299999,70+,26.3351,17.2283
Libya,2021.0,70+ years,Female,Motor neuron disease,"YLDs per 100,000",0.46795234485,0.27873626313,0.6869155432499999,70+,26.3351,17.2283
Morocco,2021.0,70+ years,Male,Motor neuron disease,"YLDs per 100,000",0.4869466377099999,0.2783263187799999,0.72359002256,70+,31.7917,-7.0926
Morocco,2021.0,70+ years,Female,Motor neuron disease,"YLDs per 100,000",0.46422586765,0.26515613443,0.71054295492,70+,31.7917,-7.0926
Oman,2021.0,70+ years,Male,Motor neuron disease,"YLDs per 100,000",0.41497191652,0.23861159683,0.64505892551,70+,21.4735,55.9754
Oman,2021.0,70+ years,Female,Motor neuron disease,"YLDs per 100,000",0.79986670171,0.48093548019,1.1523168764,70+,21.4735,55.9754
Palestine,2021.0,70+ years,Male,Motor neuron disease,"YLDs per 100,000",0.4583435896,0.24885615461,0.6987027699899999,70+,31.9474,35.2272
Palestine,2021.0,70+ years,Female,Motor neuron disease,"YLDs per 100,000",0.4665010751199999,0.26966506172,0.70505109532,70+,31.9474,35.2272
Qatar,2021.0,70+ years,Male,Motor neuron disease,"YLDs per 100,000",0.54226230702,0.31383499731,0.84603960714,70+,25.3548,51.1839
Qatar,2021.0,70+ years,Female,Motor neuron disease,"YLDs per 100,000",0.50947246453,0.2887176751799999,0.77293383235,70+,25.3548,51.1839
Saudi Arabia,2021.0,70+ years,Male,Motor neuron disease,"YLDs per 100,000",0.52822582059,0.3140110654199999,0.7850326801999999,70+,23.8859,45.0792
Saudi Arabia,2021.0,70+ years,Female,Motor neuron disease,"YLDs per 100,000",0.45322191898,0.26518711175,0.68603849213,70+,23.8859,45.0792
Sudan,2021.0,70+ years,Male,Motor neuron disease,"YLDs per 100,000",0.34346814347,0.19907523471,0.51035841614,70+,12.8628,30.2176
Sudan,2021.0,70+ years,Female,Motor neuron disease,"YLDs per 100,000",0.3334137606,0.19021131337,0.4910242220399999,70+,12.8628,30.2176
Syrian Arab Republic,2021.0,70+ years,Male,Motor neuron disease,"YLDs per 100,000",0.50212479543,0.29029512835,0.73388014736,70+,34.802075,38.996815
Syrian Arab Republic,2021.0,70+ years,Female,Motor neuron disease,"YLDs per 100,000",0.46862528417,0.25496542867,0.71231556921,70+,34.802075,38.996815
Tunisia,2021.0,70+ years,Male,Motor neuron disease,"YLDs per 100,000",0.54640367546,0.3106107778299999,0.80533936071,70+,33.8869,9.5375
Tunisia,2021.0,70+ years,Female,Motor neuron disease,"YLDs per 100,000",0.55637133438,0.33332093305,0.8333185249499999,70+,33.8869,9.5375
Türkiye,2021.0,70+ years,Male,Motor neuron disease,"YLDs per 100,000",1.71949718628,1.09732519168,2.39001298429,70+,38.9637,35.2433
Türkiye,2021.0,70+ years,Female,Motor neuron disease,"YLDs per 100,000",1.29477418972,0.8315826937699999,1.8423706841700005,70+,38.9637,35.2433
United Arab Emirates,2021.0,70+ years,Male,Motor neuron disease,"YLDs per 100,000",0.52179827542,0.30477962679,0.80137011186,70+,23.4241,53.8478
United Arab Emirates,2021.0,70+ years,Female,Motor neuron disease,"YLDs per 100,000",0.49973277288,0.27958683224,0.8183968184799999,70+,23.4241,53.8478
Yemen,2021.0,70+ years,Male,Motor neuron disease,"YLDs per 100,000",0.31788592615,0.17949166759,0.4834246561199999,70+,15.552727,48.516388
Yemen,2021.0,70+ years,Female,Motor neuron disease,"YLDs per 100,000",0.31224904595,0.17407101971,0.48888903581,70+,15.552727,48.516388
Afghanistan,2021.0,70+ years,Male,Headache disorders,"YLDs per 100,000",329.78423659475004,122.5516642878,667.06204655235,70+,33.93911,67.709953
Afghanistan,2021.0,70+ years,Female,Headache disorders,"YLDs per 100,000",464.25705724557,163.27513525485,931.47142869269,70+,33.93911,67.709953
Algeria,2021.0,70+ years,Male,Headache disorders,"YLDs per 100,000",339.27186855556,123.51114669535,697.05333099593,70+,28.033886,1.659626
Algeria,2021.0,70+ years,Female,Headache disorders,"YLDs per 100,000",467.91536412962,162.57179843462,919.21377912607,70+,28.033886,1.659626
Bahrain,2021.0,70+ years,Male,Headache disorders,"YLDs per 100,000",353.16068531903,125.51288183894,713.3943459963899,70+,26.0667,50.5577
Bahrain,2021.0,70+ years,Female,Headache disorders,"YLDs per 100,000",475.64835084166,166.14849138726998,952.14537948983,70+,26.0667,50.5577
Egypt,2021.0,70+ years,Male,Headache disorders,"YLDs per 100,000",342.02286519169,119.37837905763,684.9148408618901,70+,26.820553,30.802498
Egypt,2021.0,70+ years,Female,Headache disorders,"YLDs per 100,000",477.22100665487005,165.24666029903,940.63390920184,70+,26.820553,30.802498
Iran (Islamic Republic of),2021.0,70+ years,Male,Headache disorders,"YLDs per 100,000",384.611315669,141.65881609338,750.3924987008601,70+,32.4279,53.688
Iran (Islamic Republic of),2021.0,70+ years,Female,Headache disorders,"YLDs per 100,000",535.4922246240001,169.08844030614,1070.15248966334,70+,32.4279,53.688
Iraq,2021.0,70+ years,Male,Headache disorders,"YLDs per 100,000",338.11216862439,122.51468570944002,692.26978970856,70+,33.223191,43.679291
Iraq,2021.0,70+ years,Female,Headache disorders,"YLDs per 100,000",464.33769222088,171.42923852862,924.10094313884,70+,33.223191,43.679291
Jordan,2021.0,70+ years,Male,Headache disorders,"YLDs per 100,000",338.87765689257,126.47056189706,694.41057574273,70+,30.5852,36.2384
Jordan,2021.0,70+ years,Female,Headache disorders,"YLDs per 100,000",468.14695205068,164.45985804153,932.76681429979,70+,30.5852,36.2384
Kuwait,2021.0,70+ years,Male,Headache disorders,"YLDs per 100,000",316.76819590593004,107.31883275165,640.38617475075,70+,29.3759,47.9774
Kuwait,2021.0,70+ years,Female,Headache disorders,"YLDs per 100,000",433.04253854021,158.63043343273,869.5967067276201,70+,29.3759,47.9774
Lebanon,2021.0,70+ years,Male,Headache disorders,"YLDs per 100,000",319.35562317758,114.14549408047,643.7033172193001,70+,33.8547,35.8623
Lebanon,2021.0,70+ years,Female,Headache disorders,"YLDs per 100,000",439.8453256722401,150.25611494477,865.3139825174,70+,33.8547,35.8623
Libya,2021.0,70+ years,Male,Headache disorders,"YLDs per 100,000",328.96669724103,118.83346408681,669.89504139437,70+,26.3351,17.2283
Libya,2021.0,70+ years,Female,Headache disorders,"YLDs per 100,000",453.52955176162993,161.97269201174998,907.67520163294,70+,26.3351,17.2283
Morocco,2021.0,70+ years,Male,Headache disorders,"YLDs per 100,000",335.35219769770003,121.090727223,682.4303621513001,70+,31.7917,-7.0926
Morocco,2021.0,70+ years,Female,Headache disorders,"YLDs per 100,000",453.98152031996005,161.28734507231,879.69532350184,70+,31.7917,-7.0926
Oman,2021.0,70+ years,Male,Headache disorders,"YLDs per 100,000",337.19405799914,121.84704588056,670.74267800604,70+,21.4735,55.9754
Oman,2021.0,70+ years,Female,Headache disorders,"YLDs per 100,000",466.1982624896101,164.70481724904,923.64735578119,70+,21.4735,55.9754
Palestine,2021.0,70+ years,Male,Headache disorders,"YLDs per 100,000",342.70332596871,128.61002758469002,679.44268460908,70+,31.9474,35.2272
Palestine,2021.0,70+ years,Female,Headache disorders,"YLDs per 100,000",459.91994239513,158.74041812936,905.1640886511,70+,31.9474,35.2272
Qatar,2021.0,70+ years,Male,Headache disorders,"YLDs per 100,000",341.44894239874003,120.82376846975,687.68473773834,70+,25.3548,51.1839
Qatar,2021.0,70+ years,Female,Headache disorders,"YLDs per 100,000",456.96709074866,162.84916727424,902.39007903683,70+,25.3548,51.1839
Saudi Arabia,2021.0,70+ years,Male,Headache disorders,"YLDs per 100,000",346.53095447527,124.26600363444,691.34483738446,70+,23.8859,45.0792
Saudi Arabia,2021.0,70+ years,Female,Headache disorders,"YLDs per 100,000",444.70700643019,162.32390130389,868.74859809424,70+,23.8859,45.0792
Sudan,2021.0,70+ years,Male,Headache disorders,"YLDs per 100,000",340.33653447396,121.50463603012,689.19967737143,70+,12.8628,30.2176
Sudan,2021.0,70+ years,Female,Headache disorders,"YLDs per 100,000",465.65953266141,168.60517954259,919.08404397015,70+,12.8628,30.2176
Syrian Arab Republic,2021.0,70+ years,Male,Headache disorders,"YLDs per 100,000",340.6025850936,120.81099437344,700.71873649728,70+,34.802075,38.996815
Syrian Arab Republic,2021.0,70+ years,Female,Headache disorders,"YLDs per 100,000",478.16023382818,166.7025893885,930.09850817858,70+,34.802075,38.996815
Tunisia,2021.0,70+ years,Male,Headache disorders,"YLDs per 100,000",335.11750960026995,118.87525950158,680.76503019651,70+,33.8869,9.5375
Tunisia,2021.0,70+ years,Female,Headache disorders,"YLDs per 100,000",455.66622338254007,161.03058601241,908.85590277247,70+,33.8869,9.5375
Türkiye,2021.0,70+ years,Male,Headache disorders,"YLDs per 100,000",318.920579248,124.89008293945,613.8823118599701,70+,38.9637,35.2433
Türkiye,2021.0,70+ years,Female,Headache disorders,"YLDs per 100,000",483.57727795135,167.61101323348998,931.51251030217,70+,38.9637,35.2433
United Arab Emirates,2021.0,70+ years,Male,Headache disorders,"YLDs per 100,000",358.27199751665,138.31837150785,727.85674741269,70+,23.4241,53.8478
United Arab Emirates,2021.0,70+ years,Female,Headache disorders,"YLDs per 100,000",503.7527196729,168.09608253899,1012.26569245012,70+,23.4241,53.8478
Yemen,2021.0,70+ years,Male,Headache disorders,"YLDs per 100,000",344.77111646973003,126.93762737629,703.90647855936,70+,15.552727,48.516388
Yemen,2021.0,70+ years,Female,Headache disorders,"YLDs per 100,000",470.26522254146,165.05164507019998,946.27833904424,70+,15.552727,48.516388
Afghanistan,2021.0,70+ years,Male,Other neurological disorders,"YLDs per 100,000",35.63843907005,25.33166955964,47.84119604035,70+,33.93911,67.709953
Afghanistan,2021.0,70+ years,Female,Other neurological disorders,"YLDs per 100,000",47.73728148786,33.23536322418,65.63192412626,70+,33.93911,67.709953
Algeria,2021.0,70+ years,Male,Other neurological disorders,"YLDs per 100,000",37.59512329505,25.76963223791,50.70798342283,70+,28.033886,1.659626
Algeria,2021.0,70+ years,Female,Other neurological disorders,"YLDs per 100,000",48.21879413,33.1250329961,65.75675316996,70+,28.033886,1.659626
Bahrain,2021.0,70+ years,Male,Other neurological disorders,"YLDs per 100,000",39.33535917549,26.33217373193,54.16534855946,70+,26.0667,50.5577
Bahrain,2021.0,70+ years,Female,Other neurological disorders,"YLDs per 100,000",49.0430471152,33.41677029818,66.4553839149,70+,26.0667,50.5577
Egypt,2021.0,70+ years,Male,Other neurological disorders,"YLDs per 100,000",38.7589788643,27.37725902224,51.92676822175,70+,26.820553,30.802498
Egypt,2021.0,70+ years,Female,Other neurological disorders,"YLDs per 100,000",47.41653568436,32.94122138675,64.46127574283,70+,26.820553,30.802498
Iran (Islamic Republic of),2021.0,70+ years,Male,Other neurological disorders,"YLDs per 100,000",38.98580467986,27.78186183883,52.48164043755,70+,32.4279,53.688
Iran (Islamic Republic of),2021.0,70+ years,Female,Other neurological disorders,"YLDs per 100,000",48.94350246448,34.49038058264,66.51522292467,70+,32.4279,53.688
Iraq,2021.0,70+ years,Male,Other neurological disorders,"YLDs per 100,000",36.80198261678,25.63580337974,49.29197616784,70+,33.223191,43.679291
Iraq,2021.0,70+ years,Female,Other neurological disorders,"YLDs per 100,000",46.88366452165,32.13706785464,63.18581053812,70+,33.223191,43.679291
Jordan,2021.0,70+ years,Male,Other neurological disorders,"YLDs per 100,000",37.52876534346,26.10251729737,50.46033875954,70+,30.5852,36.2384
Jordan,2021.0,70+ years,Female,Other neurological disorders,"YLDs per 100,000",48.25853708139,33.52601352123,65.74470218461,70+,30.5852,36.2384
Kuwait,2021.0,70+ years,Male,Other neurological disorders,"YLDs per 100,000",38.69904647605,26.47649160662,50.61280217139,70+,29.3759,47.9774
Kuwait,2021.0,70+ years,Female,Other neurological disorders,"YLDs per 100,000",51.20641426429,36.03575332346,68.63645102249001,70+,29.3759,47.9774
Lebanon,2021.0,70+ years,Male,Other neurological disorders,"YLDs per 100,000",39.13343612911,27.92770427298,52.13578490446999,70+,33.8547,35.8623
Lebanon,2021.0,70+ years,Female,Other neurological disorders,"YLDs per 100,000",53.0059418692,36.84011817918,71.9645025868,70+,33.8547,35.8623
Libya,2021.0,70+ years,Male,Other neurological disorders,"YLDs per 100,000",37.37984962591,26.46088566235,49.69426581011,70+,26.3351,17.2283
Libya,2021.0,70+ years,Female,Other neurological disorders,"YLDs per 100,000",47.87547172038,33.19476435703,65.59516831553,70+,26.3351,17.2283
Morocco,2021.0,70+ years,Male,Other neurological disorders,"YLDs per 100,000",37.72151057103,26.41926024015,50.56037536388,70+,31.7917,-7.0926
Morocco,2021.0,70+ years,Female,Other neurological disorders,"YLDs per 100,000",47.45493905308,33.03144749197,64.2150618543,70+,31.7917,-7.0926
Oman,2021.0,70+ years,Male,Other neurological disorders,"YLDs per 100,000",37.95070131811,26.50734072801,51.52589405632,70+,21.4735,55.9754
Oman,2021.0,70+ years,Female,Other neurological disorders,"YLDs per 100,000",47.434839209020005,32.298909433190005,64.41955966018,70+,21.4735,55.9754
Palestine,2021.0,70+ years,Male,Other neurological disorders,"YLDs per 100,000",37.63140082096,26.43944572016,51.32494488619,70+,31.9474,35.2272
Palestine,2021.0,70+ years,Female,Other neurological disorders,"YLDs per 100,000",48.14105620473,33.8398041725,64.75361058932,70+,31.9474,35.2272
Qatar,2021.0,70+ years,Male,Other neurological disorders,"YLDs per 100,000",39.07680753439,27.52465220528,51.93540497553,70+,25.3548,51.1839
Qatar,2021.0,70+ years,Female,Other neurological disorders,"YLDs per 100,000",50.53118906728,35.92919487517,68.27132536859,70+,25.3548,51.1839
Saudi Arabia,2021.0,70+ years,Male,Other neurological disorders,"YLDs per 100,000",38.09794434086,26.21048767583,52.04112926623,70+,23.8859,45.0792
Saudi Arabia,2021.0,70+ years,Female,Other neurological disorders,"YLDs per 100,000",47.43049692551,32.610120983890006,63.24829691136,70+,23.8859,45.0792
Sudan,2021.0,70+ years,Male,Other neurological disorders,"YLDs per 100,000",36.42770902604,25.179607418000003,48.98926787773,70+,12.8628,30.2176
Sudan,2021.0,70+ years,Female,Other neurological disorders,"YLDs per 100,000",46.5146219724,31.56119448153,63.86304511736,70+,12.8628,30.2176
Syrian Arab Republic,2021.0,70+ years,Male,Other neurological disorders,"YLDs per 100,000",37.07586153329,25.57254319228,49.02671673561,70+,34.802075,38.996815
Syrian Arab Republic,2021.0,70+ years,Female,Other neurological disorders,"YLDs per 100,000",47.45512943221,31.78589434051,65.35149422462,70+,34.802075,38.996815
Tunisia,2021.0,70+ years,Male,Other neurological disorders,"YLDs per 100,000",38.0864043341,27.097939769390003,51.09925604717,70+,33.8869,9.5375
Tunisia,2021.0,70+ years,Female,Other neurological disorders,"YLDs per 100,000",49.8960573747,34.32572557478,66.48413980697,70+,33.8869,9.5375
Türkiye,2021.0,70+ years,Male,Other neurological disorders,"YLDs per 100,000",41.27849942158,28.29702573722,55.87506515164,70+,38.9637,35.2433
Türkiye,2021.0,70+ years,Female,Other neurological disorders,"YLDs per 100,000",53.05641143423,36.04829535542,69.66092672348,70+,38.9637,35.2433
United Arab Emirates,2021.0,70+ years,Male,Other neurological disorders,"YLDs per 100,000",36.85078564619,25.28968277998,51.032955924060005,70+,23.4241,53.8478
United Arab Emirates,2021.0,70+ years,Female,Other neurological disorders,"YLDs per 100,000",43.49038857417,29.50513253792,60.53473281395,70+,23.4241,53.8478
Yemen,2021.0,70+ years,Male,Other neurological disorders,"YLDs per 100,000",36.94458294564,25.24787937908,50.454920764410005,70+,15.552727,48.516388
Yemen,2021.0,70+ years,Female,Other neurological disorders,"YLDs per 100,000",47.72436063647,32.285550202660005,64.99320390300001,70+,15.552727,48.516388
"Institute for Health Metrics and Evaluation (IHME). GBD Compare Data Visualization. Global Burden of Disease (GBD) Study 2021. Seattle, WA: IHME, University of Washington, 2023. Available from http://vizhub.healthdata.org/gbd-compare. (Accessed 7/25/2024).",,,,,,,,,70+,0.0,0.0
"For terms and conditions of use, please visit http://www.healthdata.org/about/terms-and-conditions",,,,,,,,,70+,0.0,0.0
